cpg_id,chr,mapinfo,genes,directions,n_t1_pairs,saliva_ok,blood_ok,buccal_ok,n_tissues_ok,rho_saliva_epic,rho_saliva_450k,rho_blood_epic,rho_blood_450k,rho_buccal_epic,rho_blood_saliva_450k,gene_annot,island_density,open_sea,design_type,saliva_amaze_raw,saliva_amaze_adj,blood_amaze_raw,blood_amaze_adj,buccal_amaze_raw,buccal_amaze_adj,grade,confirmed_tissues,hannon_cortical_raw,hannon_cortical_adj,hannon_cerebellum_raw,blood_hannon_ok,grade_v3,sommerer_buccal_R,buccal_sommerer_ok,n_independent_cohorts,grade_v4,strict_qc
cg00044050,16,11439710,RMI2,1,1,TRUE,TRUE,TRUE,3,0.696103896103896,0.636363636363636,0.809090909090909,0.781818181818182,0.863636363636364,0.854545454545454,C16orf75,4,FALSE,I,TRUE,TRUE,TRUE,FALSE,TRUE,FALSE,A,saliva;blood;buccal,0.6672,0.6682,0.6179,TRUE,A+,0.8325,TRUE,4,A++,TRUE
cg00049323,5,472564,EXOC3,1,1,TRUE,TRUE,TRUE,3,0.555844155844156,0.696969696969697,0.754545454545455,0.575757575757576,0.533766233766234,0.6,LOC25845,6,FALSE,II,FALSE,TRUE,TRUE,FALSE,FALSE,FALSE,A,saliva;blood,0.7345,0.6808,0.3268,TRUE,A+,0.3636,FALSE,3,A++,TRUE
cg00121533,1,75199117,AC135803.1;CRYZ;TYW3,-1;-1;-1,3,TRUE,TRUE,TRUE,3,0.872727272727273,0.76969696969697,0.653246753246753,0.696969696969697,0.724675324675325,0.757575757575757,CRYZ;CRYZ;TYW3;CRYZ;TYW3;CRYZ;TYW3,11,FALSE,II,FALSE,FALSE,FALSE,FALSE,FALSE,FALSE,B,,0.5825,0.5585,0.5657,TRUE,B,0.42,FALSE,2,B,TRUE
cg00230586,19,16013833,AC005336.3,1,1,TRUE,TRUE,TRUE,3,0.518181818181818,0.915151515151515,0.514285714285714,0.515151515151515,0.750649350649351,0.648484848484848,,,FALSE,II,FALSE,FALSE,FALSE,FALSE,FALSE,FALSE,B,,0.2682,0.2749,0.2347,FALSE,B,,FALSE,1,B,FALSE
cg00277334,10,82204260,ANXA11,-1,1,TRUE,TRUE,TRUE,3,0.819480519480519,0.648484848484848,0.796103896103896,0.721212121212121,0.884415584415584,0.6,,1,FALSE,II,FALSE,FALSE,FALSE,FALSE,FALSE,FALSE,B,,0.7816,0.8095,0.6876,TRUE,B,0.6735,TRUE,3,B,TRUE
cg00290607,11,67383545,GSTP1,1,1,TRUE,TRUE,TRUE,3,0.806493506493506,0.903030303030303,0.857142857142857,0.939393939393939,0.816883116883117,0.987878787878788,,7,FALSE,I,FALSE,FALSE,FALSE,FALSE,FALSE,FALSE,B,,0.733,0.6904,0.7221,TRUE,B,0.7315,TRUE,3,B,TRUE
cg00419117,1,228361641,MRPL55,1,1,TRUE,TRUE,TRUE,3,0.541558441558442,0.684848484848485,0.594805194805195,0.563636363636364,0.749350649350649,0.781818181818182,C1orf69,1,FALSE,II,FALSE,TRUE,TRUE,FALSE,TRUE,FALSE,A,saliva;blood;buccal,0.404,0.3517,0.2069,FALSE,A+,0.5716,TRUE,3,A++,TRUE
cg00435616,7,1080473,C7ORF50,-1,1,TRUE,TRUE,TRUE,3,0.501298701298701,0.745454545454545,0.641558441558442,0.745454545454545,0.597402597402597,0.672727272727273,C7orf50;C7orf50;C7orf50,,FALSE,II,FALSE,FALSE,FALSE,FALSE,FALSE,FALSE,B,,0.5113,0.5461,0.3332,TRUE,B,0.2369,FALSE,2,B,TRUE
cg00785941,1,248100591,OR2L13;OR2L2;OR2M4,-1;-1;-1,3,TRUE,TRUE,TRUE,3,0.879220779220779,0.745454545454545,0.94025974025974,0.660606060606061,0.897402597402597,0.890909090909091,OR2L13;OR2L13,9,FALSE,II,FALSE,TRUE,TRUE,FALSE,FALSE,FALSE,A,saliva;blood,0.9027,0.8974,0.8736,TRUE,A+,0.7201,TRUE,4,A++,TRUE
cg00809820,17,80708513,FN3KRP,-1,1,TRUE,TRUE,TRUE,3,0.848051948051948,0.624242424242424,0.893506493506493,0.733333333333333,0.890909090909091,0.927272727272727,TBCD;FN3K,4,FALSE,II,TRUE,TRUE,TRUE,FALSE,TRUE,TRUE,A,saliva;blood;buccal,0.732,0.7287,0.7885,TRUE,A+,0.6694,TRUE,4,A++,TRUE
cg00864171,11,67383662,GSTP1,1,1,TRUE,TRUE,TRUE,3,0.764935064935065,0.987878787878788,0.832467532467532,0.975757575757576,0.867532467532467,0.963636363636364,,7,FALSE,II,TRUE,FALSE,TRUE,FALSE,TRUE,TRUE,A,saliva;blood;buccal,0.6594,0.6464,0.6262,TRUE,A+,0.7194,TRUE,4,A++,TRUE
cg00897404,16,75182368,ZFP1,-1,1,TRUE,TRUE,TRUE,3,0.764935064935065,0.6,0.774025974025974,0.818181818181818,0.767532467532468,0.563636363636364,ZFP1,11,FALSE,I,FALSE,FALSE,FALSE,FALSE,FALSE,FALSE,B,,0.7379,0.7084,0.7594,TRUE,B,0.6669,TRUE,3,B,TRUE
cg01017244,2,74357527,AC073263.1;BOLA3-AS1;FNBP1P1,1;1;1,3,TRUE,TRUE,TRUE,3,0.550649350649351,0.660606060606061,0.867532467532467,0.745454545454545,0.633766233766234,0.527272727272727,,2,FALSE,II,TRUE,TRUE,TRUE,FALSE,FALSE,TRUE,A,saliva;blood;buccal,0.8131,0.7947,0.7627,TRUE,A+,0.6127,TRUE,4,A++,TRUE
cg01079515,3,195576629,AC233280.1;AC233280.2;MUC20P1;RP11-141C7.4;SDHAP2,1;1;1;1;1,5,TRUE,TRUE,TRUE,3,0.528571428571429,0.575757575757576,0.884415584415584,0.818181818181818,0.557142857142857,0.781818181818182,,1,FALSE,I,FALSE,FALSE,TRUE,FALSE,FALSE,FALSE,A,blood,0.884,0.791,0.8507,TRUE,A+,0.6031,TRUE,3,A++,TRUE
cg01119278,6,110721349,DDO,1,1,TRUE,TRUE,TRUE,3,0.798701298701299,0.6,0.636363636363636,0.551515151515151,0.820779220779221,0.854545454545454,DDO;DDO,4,FALSE,II,FALSE,FALSE,FALSE,FALSE,FALSE,FALSE,B,,0.7482,0.7074,0.602,TRUE,B,0.6252,TRUE,3,B,TRUE
cg01200585,1,228362443,MRPL55;OBSCN,1;1,2,TRUE,TRUE,TRUE,3,0.850649350649351,0.709090909090909,0.835064935064935,0.709090909090909,0.77012987012987,0.381818181818182,C1orf69,5,FALSE,II,FALSE,FALSE,FALSE,FALSE,FALSE,FALSE,B,,0.5792,0.5194,0.4514,TRUE,B,0.5129,TRUE,3,B,TRUE
cg01236616,12,121019343,GATC;NRAV,1;-1,2,TRUE,TRUE,TRUE,3,0.561038961038961,0.781818181818182,0.654545454545455,0.660606060606061,0.731168831168831,0.636363636363636,POP5;POP5,9,FALSE,II,FALSE,FALSE,TRUE,FALSE,TRUE,FALSE,A,blood;buccal,0.6377,0.6542,0.6062,TRUE,A+,0.4883,FALSE,2,A++,TRUE
cg01256987,12,42539512,GXYLT1;ZCRB1,1;1,2,TRUE,TRUE,TRUE,3,0.620779220779221,0.878787878787879,0.541558441558442,0.672727272727273,0.503896103896104,0.696969696969697,GXYLT1;GXYLT1,2,FALSE,II,FALSE,FALSE,FALSE,FALSE,FALSE,FALSE,B,,0.3385,0.2987,0.4809,FALSE,B,0.2565,FALSE,1,B,TRUE
cg01262667,19,19385393,GATAD2A;HAPLN4;MAU2,-1;1;-1,3,TRUE,TRUE,TRUE,3,0.602597402597403,0.660606060606061,0.606493506493507,0.660606060606061,0.594805194805195,0.503030303030303,TM6SF2,1,FALSE,II,FALSE,FALSE,FALSE,FALSE,FALSE,FALSE,B,,0.4835,0.4431,0.2345,FALSE,B,0.2299,FALSE,1,B,TRUE
cg01299579,2,10830716,NOL10;RN7SL832P,-1;-1,2,TRUE,TRUE,TRUE,3,0.676623376623377,0.76969696969697,0.681818181818182,0.927272727272727,0.776623376623377,0.660606060606061,NOL10,5,FALSE,I,FALSE,FALSE,FALSE,FALSE,FALSE,FALSE,B,,0.6406,0.5781,0.4744,TRUE,B,0.5266,TRUE,3,B,TRUE
cg01352656,2,118561680,AC009404.1,1,1,TRUE,TRUE,TRUE,3,0.546753246753247,0.83030303030303,0.645454545454546,0.757575757575757,0.666233766233766,0.963636363636364,,0,TRUE,I,FALSE,FALSE,FALSE,FALSE,FALSE,FALSE,B,,0.4321,0.4121,0.4099,FALSE,B,0.6759,TRUE,2,B,TRUE
cg01485177,10,42863594,BX322639.1;CCNYL2;LINC00839,-1;-1;-1,3,TRUE,TRUE,TRUE,3,0.788311688311688,0.878787878787879,0.585714285714286,0.515151515151515,0.854545454545454,0.684848484848485,LOC441666,2,FALSE,II,FALSE,FALSE,FALSE,FALSE,FALSE,FALSE,B,,0.673,0.6877,0.5892,TRUE,B,0.6581,TRUE,3,B,TRUE
cg01528321,10,82214614,ANXA11,1,1,TRUE,TRUE,TRUE,3,0.824675324675325,0.648484848484848,0.731168831168831,0.76969696969697,0.81038961038961,0.539393939393939,TSPAN14;TSPAN14,6,FALSE,II,FALSE,FALSE,FALSE,FALSE,FALSE,FALSE,B,,0.6974,0.6894,0.6268,TRUE,B,0.3972,FALSE,2,B,TRUE
cg01577475,2,114033581,PAX8;PAX8-AS1,1;1,2,TRUE,TRUE,TRUE,3,0.607792207792208,0.684848484848485,0.61038961038961,0.818181818181818,0.84025974025974,0.442424242424242,PAX8;PAX8;PAX8;PAX8;PAX8;LOC440839,3,FALSE,I,FALSE,TRUE,FALSE,FALSE,FALSE,TRUE,A,saliva;buccal,0.4765,0.5032,0.1369,FALSE,A+,0.5958,TRUE,3,A++,TRUE
cg01579024,5,170288757,RANBP17,1,1,TRUE,TRUE,TRUE,3,0.693506493506494,0.842424242424242,0.764935064935065,0.76969696969697,0.641558441558442,0.83030303030303,RANBP17,11,FALSE,II,FALSE,FALSE,FALSE,FALSE,FALSE,FALSE,B,,0.8004,0.7809,0.6525,TRUE,B,0.602,TRUE,3,B,TRUE
cg01670029,8,144336241,MINCR,1,1,TRUE,TRUE,TRUE,3,0.71038961038961,0.806060606060606,0.842857142857143,0.684848484848485,0.827272727272727,0.733333333333333,ZFP41,,FALSE,I,TRUE,TRUE,TRUE,TRUE,TRUE,TRUE,A,saliva;blood;buccal,0.6664,0.6268,0.6025,TRUE,A+,,FALSE,3,A+,FALSE
cg01742263,5,138714339,DNAJC18;PROB1,-1;1,2,TRUE,TRUE,TRUE,3,0.606493506493507,0.648484848484848,0.722077922077922,0.793939393939394,0.679220779220779,0.866666666666667,SLC23A1;SLC23A1,6,FALSE,II,FALSE,FALSE,FALSE,FALSE,FALSE,FALSE,B,,0.5125,0.5107,0.5709,TRUE,B,0.4589,FALSE,2,B,TRUE
cg01833234,11,6592585,AC084337.1;RRP8,1;-1,2,TRUE,TRUE,TRUE,3,0.916883116883117,0.866666666666667,0.884415584415584,0.539393939393939,0.915584415584416,0.454545454545455,DNHD1,2,FALSE,II,FALSE,FALSE,FALSE,FALSE,FALSE,FALSE,B,,0.802,0.7939,0.777,TRUE,B,0.5575,TRUE,3,B,TRUE
cg01951420,3,121553821,IQCB1,1,1,TRUE,TRUE,TRUE,3,0.84025974025974,0.818181818181818,0.867532467532467,0.939393939393939,0.877922077922078,0.854545454545454,IQCB1;IQCB1;EAF2;IQCB1;IQCB1,10,FALSE,I,FALSE,FALSE,FALSE,FALSE,FALSE,FALSE,B,,0.7903,0.7047,0.878,TRUE,B,0.8716,TRUE,3,B,TRUE
cg02091185,5,170288766,RANBP17,1,1,TRUE,TRUE,TRUE,3,0.757142857142857,0.975757575757576,0.802597402597403,0.83030303030303,0.644155844155844,0.866666666666667,RANBP17,11,FALSE,I,FALSE,FALSE,FALSE,FALSE,FALSE,FALSE,B,,0.8093,0.7962,0.6393,TRUE,B,0.7023,TRUE,3,B,TRUE
cg02160872,5,212506,CCDC127,-1,1,TRUE,TRUE,TRUE,3,0.645454545454546,0.76969696969697,0.58961038961039,0.757575757575757,0.67012987012987,0.76969696969697,CCDC127,,FALSE,II,FALSE,FALSE,TRUE,FALSE,FALSE,FALSE,A,blood,0.6609,0.6962,0.6985,TRUE,A+,,FALSE,2,A+,FALSE
cg02398342,17,80708632,FN3KRP,-1,1,TRUE,TRUE,TRUE,3,0.807792207792208,0.963636363636364,0.835064935064935,0.903030303030303,0.898701298701299,0.915151515151515,TBCD;FN3K,4,FALSE,II,TRUE,FALSE,TRUE,TRUE,FALSE,FALSE,A,saliva;blood,0.7491,0.6932,0.6581,TRUE,A+,0.7662,TRUE,4,A++,TRUE
cg02493740,2,85810744,GGCX;PARTICL,-1;1,2,TRUE,TRUE,TRUE,3,0.601298701298701,0.757575757575757,0.61038961038961,0.721212121212121,0.761038961038961,0.357575757575757,VAMP5,3,FALSE,II,FALSE,FALSE,FALSE,FALSE,FALSE,FALSE,B,,0.5127,0.5737,0.4576,TRUE,B,0.346,FALSE,2,B,TRUE
cg02597199,15,101098829,AC027020.2;PRKXP1,1;1,2,TRUE,TRUE,TRUE,3,0.648051948051948,0.818181818181818,0.772727272727273,0.854545454545454,0.764935064935065,0.842424242424242,,,FALSE,I,FALSE,FALSE,TRUE,FALSE,FALSE,FALSE,A,blood,0.6365,0.5978,0.5875,TRUE,A+,,FALSE,2,A+,FALSE
cg02675527,2,114030824,PAX8;PAX8-AS1,1;1,2,TRUE,TRUE,TRUE,3,0.553246753246753,0.806060606060606,0.719480519480519,0.83030303030303,0.57012987012987,0.818181818181818,PAX8;PAX8;PAX8;PAX8;PAX8;LOC440839,1,FALSE,II,FALSE,FALSE,TRUE,FALSE,FALSE,FALSE,A,blood,0.7014,0.7207,0.2481,TRUE,A+,0.4351,FALSE,2,A++,TRUE
cg02719634,11,2924899,AC108448.3;SLC22A18;SLC22A18AS,1;-1;-1,3,TRUE,TRUE,TRUE,3,0.718181818181818,0.757575757575757,0.825974025974026,0.854545454545454,0.781818181818182,0.696969696969697,SLC22A18AS;SLC22A18;SLC22A18AS;SLC22A18,6,FALSE,II,FALSE,FALSE,TRUE,FALSE,FALSE,FALSE,A,blood,0.6235,0.6094,0.5042,TRUE,A+,0.4342,FALSE,2,A++,TRUE
cg02772935,3,125709198,AC092903.1;ALG1L;ROPN1B,-1;-1;-1,3,TRUE,TRUE,TRUE,3,0.635064935064935,0.696969696969697,0.688311688311688,0.806060606060606,0.809090909090909,0.648484848484848,,2,FALSE,I,FALSE,FALSE,TRUE,FALSE,TRUE,FALSE,A,blood;buccal,0.6538,0.5897,0.668,TRUE,A+,0.7635,TRUE,3,A++,TRUE
cg02781088,2,113192302,AC092645.1;FBLN7;RGPD8,1;1;-1,3,TRUE,TRUE,TRUE,3,0.614285714285714,0.939393939393939,0.685714285714286,0.721212121212121,0.663636363636364,0.757575757575757,RGPD8;RGPD5,,FALSE,I,FALSE,FALSE,FALSE,FALSE,FALSE,FALSE,B,,0.6892,0.6368,0.5569,TRUE,B,0.3282,FALSE,2,B,TRUE
cg02887458,19,19495540,GATAD2A;HAPLN4;MAU2,1;-1;1,3,TRUE,TRUE,TRUE,3,0.585714285714286,0.866666666666667,0.5,0.709090909090909,0.62987012987013,0.890909090909091,GATAD2A,1,FALSE,II,FALSE,FALSE,FALSE,FALSE,FALSE,FALSE,B,,0.5898,0.6042,0.4649,TRUE,B,0.5444,TRUE,3,B,TRUE
cg02917321,22,38215204,TRIOBP,-1,1,TRUE,TRUE,TRUE,3,0.520779220779221,0.660606060606061,0.579220779220779,0.575757575757576,0.707792207792208,0.890909090909091,,3,FALSE,II,FALSE,FALSE,FALSE,FALSE,FALSE,FALSE,B,,0.3519,0.365,-0.047,FALSE,B,0.2621,FALSE,1,B,TRUE
cg02932314,17,42733698,DBF4B,-1,1,TRUE,TRUE,TRUE,3,0.676623376623377,0.709090909090909,0.641558441558442,0.648484848484848,0.706493506493507,0.672727272727273,C17orf104,9,FALSE,II,FALSE,FALSE,FALSE,FALSE,FALSE,FALSE,B,,0.3936,0.3871,0.4613,FALSE,B,0.308,FALSE,1,B,TRUE
cg02959988,1,40075124,OXCT2P1,-1,1,TRUE,TRUE,TRUE,3,0.811688311688312,0.515151515151515,0.866233766233766,0.745454545454545,0.862337662337662,0.793939393939394,,,FALSE,I,FALSE,FALSE,TRUE,FALSE,FALSE,FALSE,A,blood,0.7029,0.6615,0.6794,TRUE,A+,0.5552,TRUE,3,A++,TRUE
cg03084184,10,133981681,DPYSL4;JAKMIP3,1;-1,2,TRUE,TRUE,TRUE,3,0.942857142857143,1,0.897402597402597,0.951515151515151,0.936363636363636,0.951515151515151,JAKMIP3,,FALSE,I,TRUE,TRUE,TRUE,FALSE,TRUE,FALSE,A,saliva;blood;buccal,0.8846,0.8508,0.8426,TRUE,A+,,FALSE,3,A+,FALSE
cg03115019,17,80708279,FN3KRP,-1,1,TRUE,TRUE,TRUE,3,0.885714285714286,0.842424242424242,0.920779220779221,0.83030303030303,0.949350649350649,0.696969696969697,FN3K,4,FALSE,II,FALSE,FALSE,TRUE,FALSE,TRUE,TRUE,A,blood;buccal,0.7131,0.6886,0.7331,TRUE,A+,0.6294,TRUE,3,A++,TRUE
cg03126765,16,3125838,ZNF213-AS1,1,1,TRUE,TRUE,TRUE,3,0.609090909090909,0.818181818181818,0.736363636363636,0.793939393939394,0.731168831168831,0.854545454545454,,0,TRUE,II,FALSE,FALSE,FALSE,FALSE,FALSE,FALSE,B,,0.6412,0.6247,0.7252,TRUE,B,0.4068,FALSE,2,B,TRUE
cg03168497,17,48586147,MYCBPAP,-1,1,TRUE,TRUE,TRUE,3,0.676623376623377,0.890909090909091,0.750649350649351,0.818181818181818,0.750649350649351,0.83030303030303,MYCBPAP,5,FALSE,II,FALSE,FALSE,TRUE,FALSE,FALSE,FALSE,A,blood,0.7543,0.74,0.7634,TRUE,A+,0.4041,FALSE,2,A++,TRUE
cg03188948,7,1209495,C7ORF50,1,1,TRUE,TRUE,TRUE,3,0.674025974025974,0.745454545454545,0.657142857142857,0.636363636363636,0.818181818181818,0.757575757575757,,3,FALSE,I,FALSE,TRUE,FALSE,FALSE,FALSE,FALSE,A,saliva,0.7815,0.761,0.7773,TRUE,A+,0.717,TRUE,4,A++,TRUE
cg03299479,16,4470005,CDIP1;CORO7;NMRAL1,1;-1;1,3,TRUE,TRUE,TRUE,3,0.766233766233766,0.672727272727273,0.775324675324675,0.781818181818182,0.763636363636364,0.866666666666667,,0,TRUE,II,FALSE,TRUE,TRUE,FALSE,FALSE,FALSE,A,saliva;blood,0.6363,0.5293,0.7212,TRUE,A+,0.6324,TRUE,4,A++,TRUE
cg03396347,1,1875803,CFAP74,-1,1,TRUE,TRUE,TRUE,3,0.893506493506493,0.951515151515151,0.85974025974026,0.987878787878788,0.877922077922078,0.963636363636364,,3,FALSE,II,TRUE,FALSE,FALSE,FALSE,TRUE,FALSE,A,saliva;buccal,0.7284,0.7218,0.5344,TRUE,A+,0.7463,TRUE,4,A++,TRUE
cg03418136,15,101095730,AC027020.2;PRKXP1,1;1,2,TRUE,TRUE,TRUE,3,0.620779220779221,0.939393939393939,0.685714285714286,0.781818181818182,0.548051948051948,0.903030303030303,,,FALSE,I,FALSE,FALSE,FALSE,FALSE,FALSE,FALSE,B,,0.615,0.5319,0.5689,TRUE,B,,FALSE,2,B,FALSE
cg03441844,1,161368947,AL592295.6,-1,1,TRUE,TRUE,TRUE,3,0.761038961038961,0.878787878787879,0.768831168831169,0.866666666666667,0.680519480519481,0.878787878787879,,5,FALSE,II,FALSE,FALSE,FALSE,FALSE,TRUE,TRUE,A,buccal,0.5473,0.461,0.5094,TRUE,A+,0.3842,FALSE,2,A++,TRUE
cg03526776,6,41159608,ADCY10P1,1,1,TRUE,TRUE,TRUE,3,0.706493506493507,0.915151515151515,0.850649350649351,0.781818181818182,0.809090909090909,0.939393939393939,TREML2,0,TRUE,II,FALSE,FALSE,FALSE,FALSE,FALSE,FALSE,B,,0.4243,0.4445,0.3925,FALSE,B,0.3589,FALSE,1,B,TRUE
cg03634822,6,169013150,SMOC2,1,1,TRUE,TRUE,TRUE,3,0.84025974025974,0.527272727272727,0.825974025974026,0.806060606060606,0.896103896103896,0.6,SMOC2;SMOC2,,FALSE,II,FALSE,FALSE,TRUE,FALSE,FALSE,FALSE,A,blood,0.7341,0.7096,0.7731,TRUE,A+,,FALSE,2,A+,FALSE
cg03669143,3,134032590,AC010207.1,1,1,TRUE,TRUE,TRUE,3,0.790909090909091,0.854545454545454,0.706493506493507,0.927272727272727,0.532467532467532,0.854545454545454,,4,FALSE,II,FALSE,FALSE,FALSE,FALSE,FALSE,FALSE,B,,0.3948,0.3979,0.3725,FALSE,B,0.2171,FALSE,1,B,TRUE
cg03733263,8,22462867,C8ORF58,1,1,TRUE,TRUE,TRUE,3,0.555844155844156,0.709090909090909,0.766233766233766,0.684848484848485,0.787012987012987,0.272727272727273,KIAA1967;KIAA1967;KIAA1967,7,FALSE,I,FALSE,FALSE,FALSE,FALSE,FALSE,FALSE,B,,0.7,0.644,0.7384,TRUE,B,0.6454,TRUE,3,B,TRUE
cg03748376,1,248100585,OR2L13;OR2L2;OR2M4,-1;-1;-1,3,TRUE,TRUE,TRUE,3,0.888311688311688,0.757575757575757,0.9,0.563636363636364,0.936363636363636,0.733333333333333,OR2L13;OR2L13,9,FALSE,I,FALSE,FALSE,TRUE,FALSE,FALSE,TRUE,A,blood;buccal,0.9191,0.8792,0.9164,TRUE,A+,0.76,TRUE,3,A++,TRUE
cg04025307,7,1156635,ZFAND2A-DT,-1,1,TRUE,TRUE,TRUE,3,0.520779220779221,0.745454545454545,0.715584415584416,0.927272727272727,0.862337662337662,0.672727272727273,C7orf50;C7orf50;C7orf50,,FALSE,II,TRUE,TRUE,TRUE,TRUE,TRUE,TRUE,A,saliva;blood;buccal,0.7962,0.7634,0.7418,TRUE,A+,,FALSE,3,A+,FALSE
cg04131969,2,33951647,AC017050.1,-1,1,TRUE,TRUE,TRUE,3,0.916883116883117,0.903030303030303,0.887012987012987,0.903030303030303,0.905194805194805,0.939393939393939,MYADML,0,TRUE,II,TRUE,TRUE,TRUE,TRUE,TRUE,TRUE,A,saliva;blood;buccal,0.9076,0.8709,0.8838,TRUE,A+,0.8864,TRUE,4,A++,TRUE
cg04136259,7,1581522,INTS1,1,1,TRUE,TRUE,TRUE,3,0.766233766233766,0.745454545454545,0.723376623376623,0.757575757575757,0.627272727272727,0.745454545454545,MAFK,5,FALSE,I,TRUE,TRUE,TRUE,FALSE,TRUE,TRUE,A,saliva;blood;buccal,0.8103,0.7338,0.7711,TRUE,A+,0.5325,TRUE,4,A++,TRUE
cg04306507,14,55594613,AL158801.2;WDHD1,-1;-1,2,TRUE,TRUE,TRUE,3,0.633766233766234,0.745454545454545,0.685714285714286,0.709090909090909,0.609090909090909,0.793939393939394,LGALS3,0,TRUE,II,FALSE,FALSE,FALSE,FALSE,FALSE,FALSE,B,,0.5791,0.6095,0.4802,TRUE,B,0.4266,FALSE,2,B,TRUE
cg04346459,6,41068666,ADCY10P1,-1,1,TRUE,TRUE,TRUE,3,0.642857142857143,0.612121212121212,0.766233766233766,0.515151515151515,0.738961038961039,0.527272727272727,NFYA;NFYA;LOC221442,8,FALSE,I,FALSE,FALSE,FALSE,FALSE,FALSE,FALSE,B,,0.3578,0.4274,0.1366,FALSE,B,0.3804,FALSE,1,B,TRUE
cg04395798,10,42971732,BX322639.1;CCNYL2;LINC00839,-1;-1;-1,3,TRUE,TRUE,TRUE,3,0.609090909090909,0.76969696969697,0.696103896103896,0.866666666666667,0.694805194805195,0.587878787878788,LOC84856,1,FALSE,I,FALSE,FALSE,FALSE,FALSE,FALSE,FALSE,B,,0.6364,0.6183,0.5124,TRUE,B,0.5755,TRUE,3,B,TRUE
cg04398451,17,18023971,TOM1L2,1,1,TRUE,TRUE,TRUE,3,0.893506493506493,0.781818181818182,0.779220779220779,0.793939393939394,0.850649350649351,0.890909090909091,MYO15A,2,FALSE,I,TRUE,FALSE,TRUE,FALSE,TRUE,FALSE,A,saliva;blood;buccal,0.7916,0.7236,0.7652,TRUE,A+,0.8203,TRUE,4,A++,TRUE
cg04414720,1,150670196,CTSS;HORMAD1,1;1,2,TRUE,TRUE,TRUE,3,0.707792207792208,0.709090909090909,0.61948051948052,0.903030303030303,0.802597402597403,0.781818181818182,GOLPH3L,7,FALSE,II,FALSE,FALSE,TRUE,FALSE,TRUE,FALSE,A,blood;buccal,0.5337,0.553,0.514,TRUE,A+,0.5397,TRUE,3,A++,TRUE
cg04450003,12,50355995,AQP5,-1,1,TRUE,TRUE,TRUE,3,0.725974025974026,0.903030303030303,0.587012987012987,0.939393939393939,0.580519480519481,0.866666666666667,AQP5,2,FALSE,II,FALSE,FALSE,FALSE,FALSE,FALSE,FALSE,B,,0.6561,0.6662,0.5936,TRUE,B,0.3625,FALSE,2,B,TRUE
cg04518186,11,77299962,AQP11,1,1,TRUE,TRUE,TRUE,3,0.572727272727273,0.612121212121212,0.501298701298701,0.648484848484848,0.736363636363636,0.745454545454545,AQP11,,FALSE,II,FALSE,FALSE,FALSE,FALSE,FALSE,FALSE,B,,0.5851,0.5187,0.5459,TRUE,B,0.6392,TRUE,3,B,TRUE
cg04536393,16,1479150,CCDC154,1,1,TRUE,TRUE,TRUE,3,0.801298701298701,0.83030303030303,0.874025974025974,0.709090909090909,0.807792207792208,0.721212121212121,C16orf91,,FALSE,II,FALSE,FALSE,FALSE,TRUE,FALSE,FALSE,A,blood,0.7477,0.6839,0.7058,TRUE,A+,0.5456,TRUE,3,A++,TRUE
cg04553112,3,125709451,AC092903.1;ALG1L;ROPN1B,-1;-1;-1,3,TRUE,TRUE,TRUE,3,0.819480519480519,0.915151515151515,0.772727272727273,0.963636363636364,0.815584415584416,0.878787878787879,,,FALSE,II,FALSE,FALSE,FALSE,FALSE,FALSE,TRUE,A,buccal,0.7142,0.7063,0.6671,TRUE,A+,0.7161,TRUE,3,A++,TRUE
cg04647918,11,67383862,GSTP1,1,1,TRUE,TRUE,TRUE,3,0.88051948051948,0.878787878787879,0.706493506493507,0.575757575757576,0.775324675324675,0.757575757575757,,7,FALSE,II,FALSE,FALSE,FALSE,FALSE,FALSE,FALSE,B,,0.5579,0.5586,0.4615,TRUE,B,0.4976,FALSE,2,B,TRUE
cg04692870,22,42525206,CYP2D6,-1,1,TRUE,TRUE,TRUE,3,0.719480519480519,0.745454545454545,0.703896103896104,0.6,0.649350649350649,0.818181818181818,CYP2D6;CYP2D6,0,TRUE,II,FALSE,FALSE,TRUE,FALSE,FALSE,TRUE,A,blood;buccal,0.6244,0.6174,0.5623,TRUE,A+,0.5618,TRUE,3,A++,TRUE
cg04795638,17,15468098,TEKT3;TVP23C,1;1,2,TRUE,TRUE,TRUE,3,0.788311688311688,0.757575757575757,0.696103896103896,0.684848484848485,0.871428571428571,0.466666666666667,FAM18B2;FAM18B2,,FALSE,II,TRUE,TRUE,TRUE,FALSE,TRUE,FALSE,A,saliva;blood;buccal,0.6592,0.6476,0.6581,TRUE,A+,,FALSE,3,A+,FALSE
cg04809988,22,41940355,CSDC2;MEI1;POLR3H,1;1;1,3,TRUE,TRUE,TRUE,3,0.815584415584416,0.854545454545454,0.81038961038961,0.539393939393939,0.928571428571429,0.793939393939394,POLR3H;POLR3H;POLR3H;POLR3H;POLR3H,,FALSE,I,FALSE,FALSE,FALSE,FALSE,FALSE,FALSE,B,,0.7922,0.7725,0.7959,TRUE,B,,FALSE,2,B,FALSE
cg04827223,11,72435913,STARD10,1,1,TRUE,TRUE,TRUE,3,0.518181818181818,0.878787878787879,0.7,0.709090909090909,0.585714285714286,0.672727272727273,ARAP1,0,TRUE,II,FALSE,FALSE,FALSE,FALSE,FALSE,FALSE,B,,0.5869,0.6016,0.1908,TRUE,B,0.4559,FALSE,2,B,TRUE
cg04944784,2,26401820,HADHB,1,1,TRUE,TRUE,TRUE,3,0.741558441558442,0.696969696969697,0.628571428571429,0.709090909090909,0.780519480519481,0.672727272727273,FAM59B,9,FALSE,II,FALSE,FALSE,FALSE,FALSE,FALSE,FALSE,B,,0.7811,0.805,0.3364,TRUE,B,0.7821,TRUE,3,B,TRUE
cg05045817,1,184633523,AL713852.1;EDEM3,1;-1,2,TRUE,TRUE,TRUE,3,0.545454545454545,0.842424242424242,0.614285714285714,0.903030303030303,0.793506493506493,0.903030303030303,,,FALSE,II,FALSE,FALSE,FALSE,FALSE,FALSE,FALSE,B,,0.4959,0.3799,0.3251,FALSE,B,0.0724,FALSE,1,B,TRUE
cg05132077,22,49448320,AL078622.1,-1,1,TRUE,TRUE,TRUE,3,0.650649350649351,0.890909090909091,0.763636363636364,0.806060606060606,0.805194805194805,0.83030303030303,,1,FALSE,I,FALSE,FALSE,FALSE,FALSE,FALSE,FALSE,B,,0.6677,0.483,0.4835,TRUE,B,0.7382,TRUE,3,B,TRUE
cg05200811,21,47581042,FTCD;PCNT;SPATC1L;YBEY,1;-1;1;1,4,TRUE,TRUE,TRUE,3,0.857142857142857,0.987878787878788,0.87012987012987,0.963636363636364,0.906493506493506,0.987878787878788,,2,FALSE,II,TRUE,FALSE,TRUE,FALSE,FALSE,FALSE,A,saliva;blood,0.8539,0.8148,0.8153,TRUE,A+,0.7766,TRUE,4,A++,TRUE
cg05269323,7,150067712,LRRC61;REPIN1;ZBED6CL,-1;-1;1,3,TRUE,TRUE,TRUE,3,0.514285714285714,0.612121212121212,0.774025974025974,0.806060606060606,0.531168831168831,0.260606060606061,REPIN1;REPIN1;REPIN1;REPIN1,,FALSE,II,FALSE,FALSE,FALSE,FALSE,FALSE,FALSE,B,,0.7981,0.8054,0.7466,TRUE,B,,FALSE,2,B,FALSE
cg05313129,8,58192883,LINC00588,-1,1,TRUE,TRUE,TRUE,3,0.784415584415584,0.733333333333333,0.845454545454545,0.963636363636364,0.88051948051948,0.733333333333333,C8orf71,3,FALSE,II,FALSE,FALSE,FALSE,FALSE,FALSE,FALSE,B,,0.5867,0.4767,0.4818,TRUE,B,0.6044,TRUE,3,B,TRUE
cg05388281,4,125504,AC253576.2;ZNF718,-1;1,2,TRUE,TRUE,TRUE,3,0.758441558441558,0.83030303030303,0.688311688311688,0.854545454545454,0.741558441558442,0.903030303030303,ZNF718,,FALSE,II,FALSE,FALSE,FALSE,FALSE,FALSE,FALSE,B,,0.8106,0.8105,0.6084,TRUE,B,,FALSE,2,B,FALSE
cg05406101,21,30392219,AF165147.1;RWDD2B,-1;-1,2,TRUE,TRUE,TRUE,3,0.574025974025974,0.636363636363636,0.545454545454545,0.806060606060606,0.633766233766234,0.466666666666667,RWDD2B,6,FALSE,II,FALSE,FALSE,TRUE,FALSE,FALSE,FALSE,A,blood,0.2164,0.2383,0.2742,FALSE,A,0.2512,FALSE,1,A,TRUE
cg05471845,3,42306467,AC018358.1,-1,1,TRUE,TRUE,TRUE,3,0.855844155844156,0.587878787878788,0.696103896103896,0.806060606060606,0.784415584415584,0.515151515151515,CCK,6,FALSE,I,TRUE,TRUE,FALSE,FALSE,FALSE,FALSE,A,saliva,0.3289,0.3613,0.3727,FALSE,A+,0.3968,FALSE,2,A++,TRUE
cg05505459,1,911995,AL645608.7,-1,1,TRUE,TRUE,TRUE,3,0.881818181818182,0.709090909090909,0.898701298701299,0.575757575757576,0.594805194805195,0.878787878787879,C1orf170,1,FALSE,II,FALSE,FALSE,TRUE,TRUE,FALSE,FALSE,A,blood,0.8956,0.8821,0.8646,TRUE,A+,0.6755,TRUE,3,A++,TRUE
cg05742863,22,45809319,RIBC2;SMC1B,-1;-1,2,TRUE,TRUE,TRUE,3,0.681818181818182,0.696969696969697,0.553246753246753,0.515151515151515,0.728571428571429,0.333333333333333,SMC1B;RIBC2,10,FALSE,I,FALSE,FALSE,FALSE,FALSE,FALSE,FALSE,B,,0.5295,0.5211,0.5242,TRUE,B,0.3823,FALSE,2,B,TRUE
cg05779406,7,1198841,ZFAND2A-DT,1,1,TRUE,TRUE,TRUE,3,0.850649350649351,0.903030303030303,0.794805194805195,0.975757575757576,0.742857142857143,0.915151515151515,ZFAND2A,5,FALSE,II,TRUE,TRUE,TRUE,TRUE,TRUE,TRUE,A,saliva;blood;buccal,0.7904,0.7883,0.769,TRUE,A+,0.7574,TRUE,4,A++,TRUE
cg05834845,3,195489306,SDHAP1,1,1,TRUE,TRUE,TRUE,3,0.737662337662338,0.939393939393939,0.657142857142857,0.927272727272727,0.837662337662338,0.903030303030303,MUC4;MUC4;MUC4,,FALSE,I,FALSE,FALSE,TRUE,FALSE,FALSE,TRUE,A,blood;buccal,0.8321,0.7891,0.7897,TRUE,A+,0.7707,TRUE,3,A++,TRUE
cg05896524,21,47604654,FTCD;PCNT;SPATC1L;YBEY,-1;1;-1;-1,4,TRUE,TRUE,TRUE,3,0.948051948051948,0.975757575757576,0.95974025974026,0.963636363636364,0.953246753246753,0.975757575757576,C21orf56;C21orf56,,FALSE,II,TRUE,FALSE,TRUE,FALSE,TRUE,FALSE,A,saliva;blood;buccal,0.8899,0.852,0.8783,TRUE,A+,,FALSE,3,A+,FALSE
cg05917111,16,75568999,ADAT1,1,1,TRUE,TRUE,TRUE,3,0.774025974025974,0.721212121212121,0.838961038961039,0.575757575757576,0.7,0.587878787878788,CHST5,2,FALSE,II,FALSE,FALSE,FALSE,FALSE,FALSE,FALSE,B,,0.4968,0.4583,0.0953,FALSE,B,0.3454,FALSE,1,B,TRUE
cg05927579,20,43378669,AL118522.1,-1,1,TRUE,TRUE,TRUE,3,0.835064935064935,0.684848484848485,0.754545454545455,0.575757575757576,0.797402597402597,0.806060606060606,KCNK15,2,FALSE,II,FALSE,FALSE,FALSE,FALSE,FALSE,FALSE,B,,0.5202,0.4962,0.4943,TRUE,B,0.4314,FALSE,2,B,TRUE
cg05991820,10,11785161,ECHDC3,-1,1,TRUE,TRUE,TRUE,3,0.54025974025974,0.818181818181818,0.51038961038961,0.527272727272727,0.649350649350649,0.866666666666667,ECHDC3,1,FALSE,II,TRUE,TRUE,FALSE,FALSE,TRUE,FALSE,A,saliva;buccal,0.3781,0.3347,0.1039,FALSE,A+,0.5977,TRUE,3,A++,TRUE
cg06060754,5,176797920,RGS14,-1,1,TRUE,TRUE,TRUE,3,0.837662337662338,0.915151515151515,0.809090909090909,0.927272727272727,0.745454545454545,0.975757575757576,RGS14,4,FALSE,I,FALSE,TRUE,FALSE,FALSE,FALSE,FALSE,A,saliva,0.8125,0.8123,0.8053,TRUE,A+,0.7091,TRUE,4,A++,TRUE
cg06360820,2,242988706,AC093642.5,-1,1,TRUE,TRUE,TRUE,3,0.814285714285714,0.793939393939394,0.945454545454545,0.806060606060606,0.967532467532468,0.745454545454545,,0,TRUE,II,TRUE,TRUE,TRUE,FALSE,TRUE,TRUE,A,saliva;blood;buccal,0.5643,0.4859,0.5188,TRUE,A+,0.7461,TRUE,4,A++,TRUE
cg06484146,7,12443880,VWDE,-1,1,TRUE,TRUE,TRUE,3,0.837662337662338,0.878787878787879,0.812987012987013,0.927272727272727,0.832467532467532,0.878787878787879,VWDE,9,FALSE,II,FALSE,FALSE,FALSE,FALSE,FALSE,FALSE,B,,0.6443,0.6476,0.6025,TRUE,B,0.4622,FALSE,2,B,TRUE
cg06494592,3,125709126,AC092903.1;ALG1L;ROPN1B,-1;-1;-1,3,TRUE,TRUE,TRUE,3,0.823376623376623,0.890909090909091,0.746753246753247,0.866666666666667,0.783116883116883,0.757575757575757,,2,FALSE,I,FALSE,FALSE,FALSE,FALSE,FALSE,FALSE,B,,0.7465,0.6625,0.6285,TRUE,B,0.7337,TRUE,3,B,TRUE
cg06675538,2,114033490,PAX8;PAX8-AS1,1;1,2,TRUE,TRUE,TRUE,3,0.571428571428571,0.575757575757576,0.698701298701299,0.793939393939394,0.836363636363636,0.418181818181818,PAX8;PAX8;PAX8;PAX8;PAX8;LOC440839,3,FALSE,II,FALSE,FALSE,FALSE,FALSE,FALSE,TRUE,A,buccal,0.4525,0.502,0.1,FALSE,A+,0.5293,TRUE,2,A++,TRUE
cg06680147,17,44344931,AC005829.2;ARL17B;KANSL1-AS1;LINC02210;LRRC37A;LRRC37A2;LRRC37A4P;MAPK8IP1P2,1;1;1;1;1;1;-1;1,8,TRUE,TRUE,TRUE,3,0.750649350649351,0.551515151515151,0.654545454545455,0.587878787878788,0.728571428571429,0.115151515151515,,,FALSE,II,FALSE,FALSE,FALSE,FALSE,FALSE,FALSE,B,,0.4676,0.4716,0.4403,FALSE,B,,FALSE,1,B,FALSE
cg06713675,4,122721982,BBS7,1,1,TRUE,TRUE,TRUE,3,0.811688311688312,0.915151515151515,0.876623376623377,0.781818181818182,0.811688311688312,0.842424242424242,EXOSC9;EXOSC9,7,FALSE,II,FALSE,FALSE,FALSE,FALSE,FALSE,FALSE,B,,0.6865,0.6539,0.703,TRUE,B,0.584,TRUE,3,B,TRUE
cg06833823,10,42863068,BX322639.1,-1,1,TRUE,TRUE,TRUE,3,0.548051948051948,0.648484848484848,0.554545454545455,0.563636363636364,0.64025974025974,0.636363636363636,LOC441666,4,FALSE,II,FALSE,FALSE,FALSE,FALSE,FALSE,FALSE,B,,0.6997,0.7076,0.6226,TRUE,B,0.6106,TRUE,3,B,TRUE
cg06846259,2,25384654,POMC,-1,1,TRUE,TRUE,TRUE,3,0.711688311688312,0.757575757575757,0.548051948051948,0.757575757575757,0.844155844155844,0.806060606060606,POMC;POMC,3,FALSE,I,FALSE,TRUE,TRUE,FALSE,FALSE,FALSE,A,saliva;blood,0.5919,0.5318,0.4758,TRUE,A+,0.3526,FALSE,3,A++,TRUE
cg06864789,6,139012992,AL590617.2,-1,1,TRUE,TRUE,TRUE,3,0.827272727272727,0.793939393939394,0.816883116883117,0.915151515151515,0.52987012987013,0.915151515151515,,6,FALSE,II,FALSE,FALSE,FALSE,FALSE,FALSE,FALSE,B,,0.8505,0.8286,0.7128,TRUE,B,0.6127,TRUE,3,B,TRUE
cg07018435,1,246860007,AL591848.1,-1,1,TRUE,TRUE,TRUE,3,0.637662337662338,0.878787878787879,0.638961038961039,0.854545454545454,0.677922077922078,0.866666666666667,,4,FALSE,II,FALSE,FALSE,FALSE,FALSE,FALSE,FALSE,B,,0.7046,0.7084,0.513,TRUE,B,0.5505,TRUE,3,B,TRUE
cg07107813,15,101096479,AC027020.2;PRKXP1,1;1,2,TRUE,TRUE,TRUE,3,0.749350649350649,0.915151515151515,0.523376623376623,0.781818181818182,0.680519480519481,0.648484848484848,,,FALSE,II,TRUE,FALSE,TRUE,FALSE,FALSE,FALSE,A,saliva;blood,0.6023,0.5414,0.6299,TRUE,A+,0.5533,TRUE,4,A++,TRUE
cg07167872,1,205819463,AC119673.2,1,1,TRUE,TRUE,TRUE,3,0.74025974025974,0.76969696969697,0.680519480519481,0.939393939393939,0.502597402597403,0.818181818181818,PM20D1,9,FALSE,II,FALSE,FALSE,FALSE,FALSE,FALSE,FALSE,B,,0.9073,0.8701,0.8747,TRUE,B,0.7453,TRUE,3,B,TRUE
cg07298985,8,22133076,PIWIL2,-1,1,TRUE,TRUE,TRUE,3,0.805194805194805,0.793939393939394,0.832467532467532,0.721212121212121,0.876623376623377,0.903030303030303,PIWIL2;PIWIL2,10,FALSE,I,FALSE,FALSE,FALSE,FALSE,FALSE,FALSE,B,,0.6011,0.5969,0.6298,TRUE,B,0.6618,TRUE,3,B,TRUE
cg07314298,2,11723111,C2ORF50,-1,1,TRUE,TRUE,TRUE,3,0.751948051948052,0.890909090909091,0.766233766233766,0.696969696969697,0.851948051948052,0.842424242424242,GREB1;GREB1;GREB1,0,TRUE,II,FALSE,FALSE,FALSE,FALSE,TRUE,FALSE,A,buccal,0.5047,0.5206,0.5189,TRUE,A+,0.6322,TRUE,3,A++,TRUE
cg07341007,3,195489909,SDHAP1,1,1,TRUE,TRUE,TRUE,3,0.735064935064935,0.793939393939394,0.780519480519481,0.696969696969697,0.824675324675325,0.781818181818182,MUC4;MUC4;MUC4,7,FALSE,I,FALSE,TRUE,TRUE,FALSE,TRUE,FALSE,A,saliva;blood;buccal,0.8181,0.7676,0.8012,TRUE,A+,0.6968,TRUE,4,A++,TRUE
cg07343612,16,622815,PIGQ;RAB40C;WFIKKN1,1;-1;-1,3,TRUE,TRUE,TRUE,3,0.844155844155844,0.6,0.868831168831169,0.733333333333333,0.91038961038961,0.757575757575757,PIGQ;PIGQ,,FALSE,I,FALSE,TRUE,FALSE,FALSE,TRUE,FALSE,A,saliva;buccal,0.748,0.7452,0.7676,TRUE,A+,,FALSE,3,A+,FALSE
cg07415359,11,18434354,LDHAL6A;LDHC,-1;-1,2,TRUE,TRUE,TRUE,3,0.75974025974026,0.745454545454545,0.762337662337662,0.915151515151515,0.576623376623377,0.660606060606061,LDHC;LDHC,1,FALSE,II,FALSE,FALSE,FALSE,FALSE,FALSE,FALSE,B,,0.4569,0.3902,0.4535,FALSE,B,0.5066,TRUE,2,B,TRUE
cg07584631,19,50366240,PNKP,1,1,TRUE,TRUE,TRUE,3,0.596103896103896,0.781818181818182,0.742857142857143,0.551515151515151,0.564935064935065,0.6,PNKP,3,FALSE,I,FALSE,FALSE,FALSE,FALSE,FALSE,FALSE,B,,0.3557,0.301,0.3215,FALSE,B,,FALSE,1,B,FALSE
cg07588819,2,132110512,RAB6D;SSBP3P2,1;1,2,TRUE,TRUE,TRUE,3,0.677922077922078,0.696969696969697,0.663636363636364,0.745454545454545,0.784415584415584,0.539393939393939,,,FALSE,II,FALSE,FALSE,FALSE,FALSE,FALSE,FALSE,B,,0.5251,0.5536,0.3733,TRUE,B,,FALSE,2,B,FALSE
cg07594247,2,113993304,PAX8;PAX8-AS1,-1;-1,2,TRUE,TRUE,TRUE,3,0.914285714285714,0.890909090909091,0.954545454545455,0.915151515151515,0.941558441558442,0.890909090909091,PAX8;PAX8;PAX8;PAX8;PAX8;LOC440839;LOC654433,5,FALSE,I,TRUE,TRUE,TRUE,TRUE,TRUE,TRUE,A,saliva;blood;buccal,0.755,0.7928,0.2323,TRUE,A+,0.6594,TRUE,4,A++,TRUE
cg07612827,19,7005180,ADGRE4P,-1,1,TRUE,TRUE,TRUE,3,0.763636363636364,0.76969696969697,0.819480519480519,0.733333333333333,0.875324675324675,0.587878787878788,FLJ25758,1,FALSE,II,FALSE,FALSE,FALSE,FALSE,FALSE,FALSE,B,,0.7286,0.7527,0.6771,TRUE,B,0.5638,TRUE,3,B,TRUE
cg07638938,10,131348599,MGMT,-1,1,TRUE,TRUE,TRUE,3,0.903896103896104,0.854545454545454,0.949350649350649,0.83030303030303,0.912987012987013,0.903030303030303,MGMT,,FALSE,II,FALSE,FALSE,FALSE,FALSE,FALSE,FALSE,B,,0.8714,0.8509,0.8562,TRUE,B,,FALSE,2,B,FALSE
cg07747299,21,47604052,FTCD;PCNT;SPATC1L;YBEY,-1;1;-1;-1,4,TRUE,TRUE,TRUE,3,0.948051948051948,0.915151515151515,0.894805194805195,0.915151515151515,0.963636363636364,0.975757575757576,C21orf56;C21orf56,2,FALSE,II,FALSE,FALSE,TRUE,FALSE,FALSE,FALSE,A,blood,0.8319,0.7802,0.7664,TRUE,A+,0.7853,TRUE,3,A++,TRUE
cg07752409,5,179588838,RASGEF1C,-1,1,TRUE,TRUE,TRUE,3,0.787012987012987,0.903030303030303,0.863636363636364,0.721212121212121,0.787012987012987,0.806060606060606,RASGEF1C,2,FALSE,II,FALSE,FALSE,FALSE,FALSE,FALSE,FALSE,B,,0.5008,0.4596,0.2305,TRUE,B,0.5333,TRUE,3,B,TRUE
cg07772999,2,113993052,PAX8;PAX8-AS1,-1;-1,2,TRUE,TRUE,TRUE,3,0.941558441558442,0.951515151515151,0.868831168831169,0.927272727272727,0.950649350649351,0.939393939393939,PAX8;PAX8;PAX8;PAX8;PAX8;LOC440839;LOC654433,7,FALSE,I,TRUE,TRUE,TRUE,TRUE,TRUE,TRUE,A,saliva;blood;buccal,0.7822,0.8038,0.1755,TRUE,A+,0.7321,TRUE,4,A++,TRUE
cg08065229,19,16606621,C19ORF44,-1,1,TRUE,TRUE,TRUE,3,0.738961038961039,0.757575757575757,0.742857142857143,0.648484848484848,0.527272727272727,0.490909090909091,C19orf44;CALR3,9,FALSE,II,FALSE,TRUE,TRUE,FALSE,FALSE,FALSE,A,saliva;blood,0.4478,0.3875,0.2117,FALSE,A+,0.3695,FALSE,2,A++,TRUE
cg08219700,8,58056026,LINC00588,1,1,TRUE,TRUE,TRUE,3,0.836363636363636,0.939393939393939,0.924675324675325,0.951515151515151,0.906493506493506,0.903030303030303,,5,FALSE,II,FALSE,FALSE,TRUE,FALSE,TRUE,TRUE,A,blood;buccal,0.796,0.767,0.7458,TRUE,A+,0.6592,TRUE,3,A++,TRUE
cg08260052,16,3304449,AJ003147.3;LINC00921;ZNF263;ZNF75A,1;1;-1;1,4,TRUE,TRUE,TRUE,3,0.662337662337662,0.793939393939394,0.628571428571429,0.6,0.775324675324675,0.76969696969697,MEFV,2,FALSE,I,FALSE,FALSE,FALSE,FALSE,FALSE,TRUE,A,buccal,0.5237,0.5268,0.4606,TRUE,A+,0.4619,FALSE,2,A++,TRUE
cg08322580,14,70690538,AL160191.3,-1,1,TRUE,TRUE,TRUE,3,0.906493506493506,0.890909090909091,0.94025974025974,0.83030303030303,0.938961038961039,0.842424242424242,,7,FALSE,II,TRUE,TRUE,TRUE,FALSE,TRUE,TRUE,A,saliva;blood;buccal,0.8794,0.8205,0.759,TRUE,A+,0.6326,TRUE,4,A++,TRUE
cg08355456,11,67383691,GSTP1,1,1,TRUE,TRUE,TRUE,3,0.603896103896104,0.818181818181818,0.594805194805195,0.842424242424242,0.768831168831169,0.951515151515151,,7,FALSE,I,FALSE,FALSE,FALSE,FALSE,FALSE,FALSE,B,,0.7018,0.6814,0.679,TRUE,B,0.6801,TRUE,3,B,TRUE
cg08358803,5,170288742,RANBP17,1,1,TRUE,TRUE,TRUE,3,0.523376623376623,0.963636363636364,0.764935064935065,0.806060606060606,0.58961038961039,0.866666666666667,RANBP17,12,FALSE,I,FALSE,FALSE,FALSE,FALSE,FALSE,FALSE,B,,0.7125,0.7005,0.5831,TRUE,B,0.4271,FALSE,2,B,TRUE
cg08373528,6,42672105,PRPH2,-1,1,TRUE,TRUE,TRUE,3,0.566233766233766,0.854545454545454,0.725974025974026,0.515151515151515,0.833766233766234,0.527272727272727,PRPH2,0,TRUE,I,FALSE,FALSE,TRUE,FALSE,FALSE,TRUE,A,blood;buccal,0.5992,0.6046,0.5438,TRUE,A+,0.6866,TRUE,3,A++,TRUE
cg08381504,3,46792357,PRSS45P,-1,1,TRUE,TRUE,TRUE,3,0.620779220779221,0.696969696969697,0.594805194805195,0.903030303030303,0.693506493506494,0.393939393939394,,4,FALSE,II,FALSE,FALSE,FALSE,FALSE,FALSE,FALSE,B,,0.4132,0.3032,0.4047,FALSE,B,0.3757,FALSE,1,B,TRUE
cg08477332,1,153590243,AL162258.2;S100A13;S100A16,-1;1;-1,3,TRUE,TRUE,TRUE,3,0.831168831168831,0.866666666666667,0.885714285714286,0.890909090909091,0.81038961038961,0.842424242424242,S100A14,2,FALSE,II,TRUE,TRUE,TRUE,FALSE,TRUE,TRUE,A,saliva;blood;buccal,0.8551,0.8556,0.8367,TRUE,A+,0.8088,TRUE,4,A++,TRUE
cg08496953,17,42733527,DBF4B,-1,1,TRUE,TRUE,TRUE,3,0.680519480519481,0.757575757575757,0.557142857142857,0.83030303030303,0.77012987012987,0.806060606060606,C17orf104,9,FALSE,I,FALSE,FALSE,FALSE,FALSE,FALSE,FALSE,B,,0.6247,0.6226,0.4195,TRUE,B,0.5404,TRUE,3,B,TRUE
cg08677398,8,58056175,LINC00588,1,1,TRUE,TRUE,TRUE,3,0.945454545454545,0.890909090909091,0.928571428571429,0.939393939393939,0.941558441558442,0.903030303030303,,5,FALSE,I,TRUE,FALSE,TRUE,FALSE,TRUE,TRUE,A,saliva;blood;buccal,0.7089,0.7033,0.6153,TRUE,A+,0.6919,TRUE,4,A++,TRUE
cg08742575,21,47604166,FTCD;PCNT;SPATC1L;YBEY,-1;1;-1;-1,4,TRUE,TRUE,TRUE,3,0.944155844155844,0.878787878787879,0.903896103896104,0.866666666666667,0.938961038961039,0.963636363636364,C21orf56;C21orf56,2,FALSE,I,FALSE,FALSE,TRUE,FALSE,TRUE,FALSE,A,blood;buccal,0.8365,0.7807,0.7856,TRUE,A+,0.8013,TRUE,3,A++,TRUE
cg08835041,19,37461278,LINC01535,-1,1,TRUE,TRUE,TRUE,3,0.77012987012987,0.963636363636364,0.653246753246753,0.927272727272727,0.705194805194805,0.987878787878788,,0,TRUE,II,TRUE,TRUE,TRUE,TRUE,TRUE,TRUE,A,saliva;blood;buccal,0.7393,0.7162,0.8212,TRUE,A+,0.7033,TRUE,4,A++,TRUE
cg08944170,1,248100614,OR2L13;OR2L2;OR2M4,-1;-1;-1,3,TRUE,TRUE,TRUE,3,0.897402597402597,0.866666666666667,0.937662337662338,0.83030303030303,0.928571428571429,0.854545454545454,OR2L13;OR2L13,9,FALSE,II,FALSE,TRUE,TRUE,FALSE,TRUE,TRUE,A,saliva;blood;buccal,0.9176,0.8988,0.9106,TRUE,A+,0.7806,TRUE,4,A++,TRUE
cg09381666,16,88757816,SNAI3-AS1,-1,1,TRUE,TRUE,TRUE,3,0.897402597402597,0.842424242424242,0.885714285714286,0.866666666666667,0.885714285714286,0.854545454545454,,1,FALSE,II,FALSE,FALSE,FALSE,FALSE,FALSE,FALSE,B,,0.8239,0.7945,0.249,TRUE,B,0.6464,TRUE,3,B,TRUE
cg09419670,9,123605666,CUTALP,-1,1,TRUE,TRUE,TRUE,3,0.711688311688312,0.854545454545454,0.88961038961039,0.903030303030303,0.712987012987013,0.975757575757576,PSMD5;LOC253039,9,FALSE,II,FALSE,FALSE,TRUE,FALSE,FALSE,FALSE,A,blood,0.8333,0.7901,0.7694,TRUE,A+,0.7395,TRUE,3,A++,TRUE
cg09461388,22,46763229,PKDREJ,1,1,TRUE,TRUE,TRUE,3,0.65974025974026,0.721212121212121,0.685714285714286,0.733333333333333,0.857142857142857,0.842424242424242,CELSR1,3,FALSE,II,FALSE,FALSE,FALSE,FALSE,FALSE,FALSE,B,,0.6105,0.6171,0.5429,TRUE,B,0.4986,FALSE,2,B,TRUE
cg09506600,1,248100228,CLK3P2;OR2AK2;OR2L13;OR2L1P;OR2L2;OR2L3;OR2L5;OR2L6P;OR2L8;OR2L9P;OR2M1P;OR2M2;OR2M3;OR2M4;OR2T32P;OR2X1P,-1;-1;-1;-1;-1;-1;-1;-1;-1;-1;-1;-1;-1;-1;-1;-1,16,TRUE,TRUE,TRUE,3,0.841558441558442,0.915151515151515,0.87012987012987,0.696969696969697,0.937662337662338,0.842424242424242,OR2L13,10,FALSE,I,FALSE,FALSE,FALSE,FALSE,FALSE,TRUE,A,buccal,0.8814,0.8665,0.8805,TRUE,A+,0.7347,TRUE,3,A++,TRUE
cg09517075,8,22133004,PIWIL2,-1,1,TRUE,TRUE,TRUE,3,0.680519480519481,0.696969696969697,0.723376623376623,0.587878787878788,0.924675324675325,0.151515151515151,PIWIL2;PIWIL2,11,FALSE,II,FALSE,FALSE,TRUE,FALSE,FALSE,FALSE,A,blood,0.5468,0.5151,0.4933,TRUE,A+,0.5914,TRUE,3,A++,TRUE
cg09526685,4,187126073,CYP4V2,-1,1,TRUE,TRUE,TRUE,3,0.725974025974026,0.806060606060606,0.836363636363636,0.903030303030303,0.841558441558442,0.733333333333333,CYP4V2,3,FALSE,II,TRUE,TRUE,TRUE,FALSE,FALSE,TRUE,A,saliva;blood;buccal,0.7782,0.7619,0.7218,TRUE,A+,0.6297,TRUE,4,A++,TRUE
cg09586646,9,123605570,CUTALP;PSMD5,-1;-1,2,TRUE,TRUE,TRUE,3,0.623376623376623,0.527272727272727,0.68961038961039,0.527272727272727,0.868831168831169,0.951515151515151,PSMD5;LOC253039,8,FALSE,II,TRUE,TRUE,TRUE,FALSE,TRUE,TRUE,A,saliva;blood;buccal,0.6557,0.6525,0.453,TRUE,A+,0.4858,FALSE,3,A++,TRUE
cg09672737,16,1424175,CCDC154,-1,1,TRUE,TRUE,TRUE,3,0.612987012987013,0.648484848484848,0.701298701298701,0.721212121212121,0.779220779220779,0.575757575757576,UNKL,,FALSE,I,FALSE,FALSE,FALSE,FALSE,FALSE,FALSE,B,,0.5634,0.4552,0.6637,TRUE,B,,FALSE,2,B,FALSE
cg09721595,11,77773924,ALG8;KCTD21;KCTD21-AS1,-1;-1;1,3,TRUE,TRUE,TRUE,3,0.751948051948052,0.781818181818182,0.818181818181818,0.818181818181818,0.758441558441558,0.721212121212121,THRSP,3,FALSE,II,FALSE,FALSE,FALSE,FALSE,FALSE,FALSE,B,,0.7873,0.7801,0.8043,TRUE,B,0.4162,FALSE,2,B,TRUE
cg09759458,19,480216,SHC2,1,1,TRUE,TRUE,TRUE,3,0.818181818181818,0.793939393939394,0.842857142857143,0.963636363636364,0.798701298701299,0.83030303030303,,0,TRUE,I,FALSE,FALSE,FALSE,FALSE,TRUE,TRUE,A,buccal,0.6727,0.6647,0.0973,TRUE,A+,0.5779,TRUE,3,A++,TRUE
cg09827496,16,89740639,AC010538.1;SPATA33,1;-1,2,TRUE,TRUE,TRUE,3,0.820779220779221,0.745454545454545,0.702597402597403,0.660606060606061,0.783116883116883,0.587878787878788,,1,FALSE,II,FALSE,FALSE,FALSE,FALSE,FALSE,FALSE,B,,0.6132,0.5753,0.5527,TRUE,B,0.2859,FALSE,2,B,TRUE
cg09858108,8,58055024,LINC00588,1,1,TRUE,TRUE,TRUE,3,0.824675324675325,0.951515151515151,0.854545454545454,0.915151515151515,0.924675324675325,0.903030303030303,,1,FALSE,I,FALSE,TRUE,FALSE,FALSE,FALSE,FALSE,A,saliva,0.654,0.6495,0.556,TRUE,A+,0.6945,TRUE,4,A++,TRUE
cg10137597,8,22132714,PIWIL2,-1,1,TRUE,TRUE,TRUE,3,0.78961038961039,0.76969696969697,0.857142857142857,0.624242424242424,0.918181818181818,0.393939393939394,PIWIL2;PIWIL2,12,FALSE,II,TRUE,FALSE,FALSE,FALSE,FALSE,FALSE,A,saliva,0.442,0.3981,0.4773,FALSE,A+,0.5616,TRUE,3,A++,TRUE
cg10208301,11,6592745,AC084337.1;RRP8,1;-1,2,TRUE,TRUE,TRUE,3,0.679220779220779,0.672727272727273,0.785714285714286,0.757575757575757,0.735064935064935,0.454545454545455,DNHD1,2,FALSE,II,TRUE,FALSE,FALSE,FALSE,FALSE,FALSE,A,saliva,0.6281,0.6109,0.8375,TRUE,A+,0.6161,TRUE,4,A++,TRUE
cg10296238,21,47605174,FTCD;SPATC1L;YBEY,-1;-1;-1,3,TRUE,TRUE,TRUE,3,0.892207792207792,0.915151515151515,0.938961038961039,0.951515151515151,0.918181818181818,0.987878787878788,C21orf56;C21orf56,3,FALSE,II,FALSE,FALSE,FALSE,FALSE,FALSE,FALSE,B,,0.8118,0.7895,0.801,TRUE,B,0.8195,TRUE,3,B,TRUE
cg10320410,7,64343315,CCT6P3;EEF1DP4,1;-1,2,TRUE,TRUE,TRUE,3,0.536363636363636,0.878787878787879,0.668831168831169,0.915151515151515,0.627272727272727,0.781818181818182,,,FALSE,I,TRUE,TRUE,TRUE,TRUE,FALSE,FALSE,A,saliva;blood,0.6102,0.5846,0.623,TRUE,A+,0.5596,TRUE,4,A++,TRUE
cg10662479,20,44420225,DNTTIP1;WFDC3,1;1,2,TRUE,TRUE,TRUE,3,0.748051948051948,0.721212121212121,0.616883116883117,0.76969696969697,0.676623376623377,0.36969696969697,WFDC3;DNTTIP1,13,FALSE,II,FALSE,FALSE,TRUE,TRUE,FALSE,FALSE,A,blood,0.4903,0.4727,0.4576,FALSE,A+,0.5134,TRUE,2,A++,TRUE
cg10687087,19,50962411,ASPDH;MYBPC2,-1;-1,2,TRUE,TRUE,TRUE,3,0.718181818181818,0.624242424242424,0.722077922077922,0.76969696969697,0.879220779220779,0.890909090909091,MYBPC2,1,FALSE,I,FALSE,FALSE,FALSE,FALSE,FALSE,FALSE,B,,0.7254,0.6292,0.6679,TRUE,B,0.5813,TRUE,3,B,TRUE
cg10741760,1,19992024,HTR6,1,1,TRUE,TRUE,TRUE,3,0.832467532467532,0.915151515151515,0.584415584415584,0.975757575757576,0.616883116883117,0.890909090909091,HTR6;HTR6,5,FALSE,II,FALSE,FALSE,FALSE,FALSE,FALSE,FALSE,B,,0.4119,0.4168,0.5556,FALSE,B,0.175,FALSE,1,B,TRUE
cg10934807,2,113191815,AC092645.1;FBLN7;RGPD8,1;1;-1,3,TRUE,TRUE,TRUE,3,0.785714285714286,0.757575757575757,0.728571428571429,0.515151515151515,0.853246753246753,0.818181818181818,RGPD8;RGPD5,0,TRUE,II,FALSE,FALSE,FALSE,FALSE,FALSE,FALSE,B,,0.5691,0.5661,0.3567,TRUE,B,0.5561,TRUE,3,B,TRUE
cg10973622,2,86423274,AC009309.1;IMMT;MRPL35;POLR1A,1;-1;-1;1,4,TRUE,TRUE,TRUE,3,0.854545454545454,0.890909090909091,0.892207792207792,0.503030303030303,0.914285714285714,0.527272727272727,IMMT;IMMT;IMMT,8,FALSE,II,TRUE,TRUE,TRUE,TRUE,TRUE,TRUE,A,saliva;blood;buccal,0.6949,0.6687,0.6143,TRUE,A+,0.7301,TRUE,4,A++,TRUE
cg11008123,11,33097335,PIGCP1,1,1,TRUE,TRUE,TRUE,3,0.787012987012987,0.6,0.757142857142857,0.842424242424242,0.787012987012987,0.418181818181818,LOC283267,,FALSE,I,TRUE,TRUE,TRUE,FALSE,TRUE,FALSE,A,saliva;blood;buccal,0.8191,0.7917,0.7982,TRUE,A+,,FALSE,3,A+,FALSE
cg11042561,9,99449451,AL589843.1;AL589843.2,-1;-1,2,TRUE,TRUE,TRUE,3,0.614285714285714,0.781818181818182,0.594805194805195,0.757575757575757,0.732467532467532,0.866666666666667,,3,FALSE,II,FALSE,FALSE,FALSE,FALSE,FALSE,FALSE,B,,0.7667,0.7401,0.6769,TRUE,B,0.4504,FALSE,2,B,TRUE
cg11062466,8,58055876,LINC00588,1,1,TRUE,TRUE,TRUE,3,0.928571428571429,0.842424242424242,0.962337662337662,0.951515151515151,0.944155844155844,0.939393939393939,,3,FALSE,I,FALSE,TRUE,FALSE,FALSE,TRUE,TRUE,A,saliva;buccal,0.8035,0.789,0.769,TRUE,A+,0.6687,TRUE,4,A++,TRUE
cg11103390,10,11784920,ECHDC3,-1,1,TRUE,TRUE,TRUE,3,0.577922077922078,0.866666666666667,0.554545454545455,0.733333333333333,0.680519480519481,0.793939393939394,ECHDC3,2,FALSE,I,FALSE,FALSE,FALSE,FALSE,FALSE,FALSE,B,,0.2581,0.2165,0.25,FALSE,B,,FALSE,1,B,FALSE
cg11124135,8,38032157,DDHD2,-1,1,TRUE,TRUE,TRUE,3,0.735064935064935,0.76969696969697,0.750649350649351,0.927272727272727,0.706493506493507,0.793939393939394,LSM1,,FALSE,I,FALSE,FALSE,TRUE,TRUE,TRUE,TRUE,A,blood;buccal,0.7701,0.753,0.8023,TRUE,A+,,FALSE,2,A+,FALSE
cg11185456,11,6592066,AC084337.1;RRP8,1;-1,2,TRUE,TRUE,TRUE,3,0.781818181818182,0.842424242424242,0.772727272727273,0.696969696969697,0.78961038961039,0.866666666666667,DNHD1,1,FALSE,II,TRUE,TRUE,TRUE,FALSE,TRUE,TRUE,A,saliva;blood;buccal,0.7264,0.7184,0.6918,TRUE,A+,0.4922,FALSE,3,A++,TRUE
cg11197418,3,67705285,SUCLG2-AS1,-1,1,TRUE,TRUE,TRUE,3,0.580519480519481,0.515151515151515,0.546753246753247,0.878787878787879,0.596103896103896,0.660606060606061,SUCLG2,6,FALSE,II,TRUE,FALSE,TRUE,FALSE,FALSE,FALSE,A,saliva;blood,0.1213,0.184,0.3226,FALSE,A,0.2842,FALSE,2,A,TRUE
cg11204974,14,71022665,ADAM20P1,1,1,TRUE,TRUE,TRUE,3,0.603896103896104,0.612121212121212,0.68961038961039,0.636363636363636,0.587012987012987,0.709090909090909,,1,FALSE,II,FALSE,FALSE,FALSE,FALSE,FALSE,FALSE,B,,0.4226,0.4129,0.4121,FALSE,B,0.2731,FALSE,1,B,TRUE
cg11262906,1,85462892,MCOLN2;MCOLN3,-1;-1,2,TRUE,TRUE,TRUE,3,0.627272727272727,0.648484848484848,0.609090909090909,0.660606060606061,0.520779220779221,0.721212121212121,MCOLN2,6,FALSE,II,TRUE,TRUE,TRUE,FALSE,TRUE,TRUE,A,saliva;blood;buccal,0.5744,0.5646,0.5742,TRUE,A+,0.277,FALSE,3,A+,TRUE
cg11351841,8,143841610,LNCOC1;PSCA,-1;-1,2,TRUE,TRUE,TRUE,3,0.807792207792208,0.551515151515151,0.805194805194805,0.624242424242424,0.687012987012987,0.515151515151515,,,FALSE,II,TRUE,TRUE,TRUE,FALSE,TRUE,TRUE,A,saliva;blood;buccal,0.7502,0.6472,0.6115,TRUE,A+,0.7391,TRUE,4,A++,TRUE
cg11388673,8,144371779,MINCR,-1,1,TRUE,TRUE,TRUE,3,0.602597402597403,0.842424242424242,0.88051948051948,0.939393939393939,0.680519480519481,0.83030303030303,,4,FALSE,I,FALSE,TRUE,TRUE,FALSE,FALSE,TRUE,A,saliva;blood;buccal,0.8552,0.5883,0.8379,TRUE,A+,0.7285,TRUE,4,A++,TRUE
cg11430371,19,50961752,ASPDH;MYBPC2,-1;-1,2,TRUE,TRUE,TRUE,3,0.662337662337662,0.624242424242424,0.818181818181818,0.806060606060606,0.833766233766234,0.684848484848485,MYBPC2,0,TRUE,II,FALSE,FALSE,FALSE,FALSE,FALSE,FALSE,B,,0.7489,0.7142,0.6703,TRUE,B,0.661,TRUE,3,B,TRUE
cg11494091,17,61959527,DDX42;FTSJ3,-1;1,2,TRUE,TRUE,TRUE,3,0.898701298701299,0.915151515151515,0.767532467532468,0.842424242424242,0.918181818181818,0.878787878787879,GH2;GH2;GH2;GH2,,FALSE,II,TRUE,TRUE,TRUE,TRUE,TRUE,TRUE,A,saliva;blood;buccal,0.7654,0.7565,0.6309,TRUE,A+,,FALSE,3,A+,FALSE
cg11586189,1,201857591,SHISA4,-1,1,TRUE,TRUE,TRUE,3,0.646753246753247,0.684848484848485,0.777922077922078,0.793939393939394,0.597402597402597,0.793939393939394,SHISA4;SHISA4,12,FALSE,II,FALSE,FALSE,FALSE,FALSE,FALSE,FALSE,B,,0.6503,0.6957,0.2015,TRUE,B,0.5895,TRUE,3,B,TRUE
cg11763394,2,113992921,PAX8;PAX8-AS1,-1;-1,2,TRUE,TRUE,TRUE,3,0.888311688311688,0.939393939393939,0.971428571428571,0.927272727272727,0.94025974025974,0.915151515151515,PAX8;PAX8;PAX8;PAX8;PAX8;LOC440839;LOC654433,,FALSE,I,TRUE,TRUE,TRUE,TRUE,TRUE,TRUE,A,saliva;blood;buccal,0.7904,0.8036,0.6657,TRUE,A+,0.7517,TRUE,4,A++,TRUE
cg11766577,21,47581405,FTCD;PCNT;SPATC1L;YBEY,1;-1;1;1,4,TRUE,TRUE,TRUE,3,0.822077922077922,0.83030303030303,0.920779220779221,0.890909090909091,0.88961038961039,0.757575757575757,C21orf56;C21orf56,2,FALSE,I,TRUE,TRUE,TRUE,FALSE,TRUE,FALSE,A,saliva;blood;buccal,0.8126,0.7983,0.7769,TRUE,A+,0.8191,TRUE,4,A++,TRUE
cg11904906,2,239140032,HES6,1,1,TRUE,TRUE,TRUE,3,0.707792207792208,0.83030303030303,0.771428571428571,0.733333333333333,0.736363636363636,0.696969696969697,LOC151174;LOC643387;LOC151174,7,FALSE,I,FALSE,FALSE,FALSE,FALSE,FALSE,FALSE,B,,0.5452,0.4424,0.554,TRUE,B,0.6011,TRUE,3,B,TRUE
cg11965913,1,205819406,AC119673.2,1,1,TRUE,TRUE,TRUE,3,0.707792207792208,0.963636363636364,0.763636363636364,0.878787878787879,0.779220779220779,0.915151515151515,PM20D1,10,FALSE,II,TRUE,TRUE,TRUE,FALSE,FALSE,FALSE,A,saliva;blood,0.9205,0.8419,0.9172,TRUE,A+,0.7974,TRUE,4,A++,TRUE
cg11993925,19,44307056,AC115522.1;KCNN4;LYPD5;ZNF404,-1;-1;-1;-1,4,TRUE,TRUE,TRUE,3,0.714285714285714,0.709090909090909,0.763636363636364,0.503030303030303,0.638961038961039,0.115151515151515,LYPD5;LYPD5,5,FALSE,II,FALSE,FALSE,FALSE,FALSE,FALSE,FALSE,B,,0.5475,0.5129,0.5901,TRUE,B,0.332,FALSE,2,B,TRUE
cg12016809,21,47604291,FTCD;SPATC1L;YBEY,-1;-1;-1,3,TRUE,TRUE,TRUE,3,0.876623376623377,0.781818181818182,0.923376623376623,0.903030303030303,0.928571428571429,0.927272727272727,C21orf56;C21orf56;C21orf56;C21orf56,2,FALSE,II,TRUE,FALSE,FALSE,FALSE,TRUE,FALSE,A,saliva;buccal,0.8282,0.7501,0.7971,TRUE,A+,0.7719,TRUE,4,A++,TRUE
cg12128614,20,1280341,SNPH,-1,1,TRUE,TRUE,TRUE,3,0.745454545454545,0.927272727272727,0.784415584415584,0.684848484848485,0.8,0.733333333333333,SNPH,2,FALSE,II,FALSE,TRUE,FALSE,FALSE,FALSE,FALSE,A,saliva,0.7309,0.7184,0.776,TRUE,A+,0.5801,TRUE,4,A++,TRUE
cg12143784,7,64541923,CCT6P3;EEF1DP4;ERV3-1;INTS4P1;MTDHP1,1;-1;1;-1;-1,5,TRUE,TRUE,TRUE,3,0.622077922077922,0.745454545454545,0.775324675324675,0.793939393939394,0.749350649350649,0.878787878787879,,,FALSE,II,FALSE,FALSE,FALSE,FALSE,FALSE,FALSE,B,,0.4865,0.5343,0.4912,FALSE,B,0.3821,FALSE,1,B,TRUE
cg12169661,7,73183394,METTL27,1,1,TRUE,TRUE,TRUE,3,0.845454545454545,0.866666666666667,0.898701298701299,0.915151515151515,0.914285714285714,0.781818181818182,CLDN3;CLDN3,2,FALSE,II,FALSE,FALSE,FALSE,FALSE,TRUE,TRUE,A,buccal,0.7864,0.7296,0.2447,TRUE,A+,0.7262,TRUE,3,A++,TRUE
cg12417704,1,3659656,TP73-AS1,-1,1,TRUE,TRUE,TRUE,3,0.911688311688312,0.83030303030303,0.781818181818182,0.854545454545454,0.733766233766234,0.963636363636364,KIAA0495,,FALSE,I,FALSE,FALSE,TRUE,FALSE,FALSE,FALSE,A,blood,0.8085,0.782,0.8121,TRUE,A+,,FALSE,2,A+,FALSE
cg12538467,10,134304461,LINC01165,1,1,TRUE,TRUE,TRUE,3,0.88051948051948,0.733333333333333,0.750649350649351,0.527272727272727,0.927272727272727,0.612121212121212,,,FALSE,II,TRUE,FALSE,FALSE,FALSE,FALSE,FALSE,A,saliva,0.5655,0.4886,0.4599,TRUE,A+,,FALSE,3,A+,FALSE
cg12608247,2,239140369,HES6,1,1,TRUE,TRUE,TRUE,3,0.850649350649351,0.587878787878788,0.701298701298701,0.745454545454545,0.820779220779221,0.6,LOC643387;LOC151174;LOC151174,7,FALSE,II,FALSE,TRUE,FALSE,FALSE,FALSE,FALSE,A,saliva,0.7227,0.597,0.75,TRUE,A+,0.4839,FALSE,3,A++,TRUE
cg12611007,5,167960212,FBLL1,1,1,TRUE,TRUE,TRUE,3,0.635064935064935,0.781818181818182,0.78961038961039,0.563636363636364,0.644155844155844,0.745454545454545,,,FALSE,I,FALSE,FALSE,FALSE,FALSE,FALSE,FALSE,B,,0.6628,0.6739,0.7131,TRUE,B,,FALSE,2,B,FALSE
cg12633817,7,1117479,C7ORF50;ZFAND2A-DT,-1;-1,2,TRUE,TRUE,TRUE,3,0.662337662337662,0.721212121212121,0.574025974025974,0.551515151515151,0.644155844155844,0.563636363636364,C7orf50;C7orf50;C7orf50,5,FALSE,II,FALSE,FALSE,FALSE,FALSE,FALSE,FALSE,B,,0.3074,0.2006,0.1758,FALSE,B,0.0354,FALSE,1,B,TRUE
cg12858902,1,110254854,GSTM1;GSTM2;GSTM5,-1;-1;-1,3,TRUE,TRUE,TRUE,3,0.612987012987013,0.587878787878788,0.781818181818182,0.757575757575757,0.55974025974026,0.793939393939394,GSTM5,,FALSE,I,FALSE,FALSE,TRUE,FALSE,FALSE,FALSE,A,blood,0.8347,0.7517,0.7487,TRUE,A+,,FALSE,2,A+,FALSE
cg12950816,7,1198977,ZFAND2A-DT,1,1,TRUE,TRUE,TRUE,3,0.901298701298701,0.684848484848485,0.825974025974026,0.806060606060606,0.88051948051948,0.721212121212121,ZFAND2A,6,FALSE,I,TRUE,TRUE,TRUE,FALSE,TRUE,TRUE,A,saliva;blood;buccal,0.8422,0.8457,0.7817,TRUE,A+,0.7254,TRUE,4,A++,TRUE
cg13011109,5,167955758,FBLL1,-1,1,TRUE,TRUE,TRUE,3,0.735064935064935,0.866666666666667,0.784415584415584,0.83030303030303,0.845454545454545,0.842424242424242,FBLL1,0,TRUE,II,FALSE,FALSE,FALSE,FALSE,FALSE,FALSE,B,,0.4971,0.4808,0.3062,FALSE,B,0.382,FALSE,1,B,TRUE
cg13012494,21,47604986,FTCD;SPATC1L;YBEY,-1;-1;-1,3,TRUE,TRUE,TRUE,3,0.941558441558442,0.927272727272727,0.964935064935065,0.915151515151515,0.964935064935065,0.939393939393939,C21orf56;C21orf56,3,FALSE,I,TRUE,TRUE,TRUE,FALSE,TRUE,FALSE,A,saliva;blood;buccal,0.8787,0.8131,0.8784,TRUE,A+,0.8351,TRUE,4,A++,TRUE
cg13022905,5,147699892,SPINK9,-1,1,TRUE,TRUE,TRUE,3,0.858441558441558,0.636363636363636,0.866233766233766,0.866666666666667,0.837662337662338,0.36969696969697,,,FALSE,I,FALSE,FALSE,FALSE,FALSE,FALSE,FALSE,B,,0.7893,0.7398,0.7489,TRUE,B,0.6933,TRUE,3,B,TRUE
cg13045913,15,41100308,CCDC32,1,1,TRUE,TRUE,TRUE,3,0.706493506493507,0.757575757575757,0.641558441558442,0.806060606060606,0.707792207792208,0.818181818181818,DNAJC17;ZFYVE19,4,FALSE,II,FALSE,FALSE,FALSE,FALSE,FALSE,FALSE,B,,0.7951,0.7878,0.7851,TRUE,B,0.7291,TRUE,3,B,TRUE
cg13126279,21,47581558,FTCD;PCNT;SPATC1L;YBEY,1;-1;1;1,4,TRUE,TRUE,TRUE,3,0.809090909090909,0.842424242424242,0.844155844155844,0.781818181818182,0.872727272727273,0.806060606060606,C21orf56;C21orf56,2,FALSE,I,TRUE,FALSE,TRUE,FALSE,TRUE,FALSE,A,saliva;blood;buccal,0.8342,0.798,0.7931,TRUE,A+,0.7623,TRUE,4,A++,TRUE
cg13245593,1,119522425,WARS2-AS1,1,1,TRUE,TRUE,TRUE,3,0.558441558441558,0.818181818181818,0.84025974025974,0.709090909090909,0.809090909090909,0.781818181818182,TBX15,,FALSE,I,FALSE,FALSE,FALSE,FALSE,FALSE,FALSE,B,,0.8256,0.7734,0.7288,TRUE,B,,FALSE,2,B,FALSE
cg13266496,6,110720918,DDO,1,1,TRUE,TRUE,TRUE,3,0.757142857142857,0.76969696969697,0.744155844155844,0.503030303030303,0.861038961038961,0.76969696969697,DDO;DDO,4,FALSE,I,FALSE,FALSE,FALSE,FALSE,FALSE,FALSE,B,,0.6775,0.6131,0.4981,TRUE,B,0.5708,TRUE,3,B,TRUE
cg13384923,1,5918400,NPHP4,1,1,TRUE,TRUE,TRUE,3,0.705194805194805,0.612121212121212,0.825974025974026,0.539393939393939,0.758441558441558,0.36969696969697,,,FALSE,I,TRUE,FALSE,TRUE,FALSE,TRUE,FALSE,A,saliva;blood;buccal,0.639,0.4948,0.6347,TRUE,A+,,FALSE,3,A+,FALSE
cg13387374,1,19411106,EMC1,-1,1,TRUE,TRUE,TRUE,3,0.744155844155844,0.624242424242424,0.54025974025974,0.76969696969697,0.684415584415584,0.43030303030303,UBR4,2,FALSE,II,FALSE,FALSE,TRUE,FALSE,FALSE,FALSE,A,blood,0.2669,0.295,0.297,FALSE,A,0.0813,FALSE,1,A,TRUE
cg13460409,21,38379570,HLCS,1,1,TRUE,TRUE,TRUE,3,0.654545454545455,0.709090909090909,0.722077922077922,0.636363636363636,0.688311688311688,0.915151515151515,DSCR6,1,FALSE,II,FALSE,FALSE,FALSE,FALSE,FALSE,FALSE,B,,0.4982,0.5101,0.3847,FALSE,B,0.2907,FALSE,1,B,TRUE
cg13593090,19,9546723,AC011451.4;ZNF266;ZNF559,-1;-1;1,3,TRUE,TRUE,TRUE,3,0.572727272727273,0.878787878787879,0.719480519480519,0.793939393939394,0.597402597402597,0.793939393939394,ZNF266;ZNF266,10,FALSE,II,FALSE,FALSE,FALSE,FALSE,FALSE,FALSE,B,,0.7051,0.6835,0.6353,TRUE,B,0.4613,FALSE,2,B,TRUE
cg13683864,3,40499215,ENTPD3-AS1,-1,1,TRUE,TRUE,TRUE,3,0.798701298701299,0.721212121212121,0.797402597402597,0.76969696969697,0.692207792207792,0.333333333333333,RPL14;RPL14,6,FALSE,II,FALSE,FALSE,TRUE,FALSE,FALSE,FALSE,A,blood,0.5922,0.5992,0.6681,TRUE,A+,0.1822,FALSE,2,A+,TRUE
cg13713218,9,100000033,AL445670.1;AL590705.1;AL590705.2;ANKRD18CP;CTSV;FAM220CP;GAS2L1P2;VN1R51P;ZNF322P1,-1;-1;-1;-1;-1;-1;-1;-1;-1,9,TRUE,TRUE,TRUE,3,0.664935064935065,0.854545454545454,0.641558441558442,0.733333333333333,0.858441558441558,0.854545454545454,KIAA1529,1,FALSE,I,TRUE,TRUE,TRUE,FALSE,TRUE,TRUE,A,saliva;blood;buccal,0.4379,0.3928,0.3945,FALSE,A+,0.6656,TRUE,3,A++,TRUE
cg13732083,21,47605072,FTCD;SPATC1L;YBEY,-1;-1;-1,3,TRUE,TRUE,TRUE,3,0.868831168831169,0.890909090909091,0.884415584415584,0.927272727272727,0.884415584415584,0.878787878787879,C21orf56;C21orf56,3,FALSE,I,TRUE,FALSE,TRUE,FALSE,FALSE,FALSE,A,saliva;blood,0.8016,0.7782,0.7566,TRUE,A+,0.7381,TRUE,4,A++,TRUE
cg13752114,3,195489708,SDHAP1,1,1,TRUE,TRUE,TRUE,3,0.868831168831169,0.818181818181818,0.818181818181818,0.696969696969697,0.894805194805195,0.878787878787879,MUC4;MUC4;MUC4,6,FALSE,I,FALSE,FALSE,TRUE,FALSE,FALSE,FALSE,A,blood,0.8591,0.8075,0.8215,TRUE,A+,0.8084,TRUE,3,A++,TRUE
cg13789015,9,136890014,BRD3,-1,1,TRUE,TRUE,TRUE,3,0.649350649350649,0.76969696969697,0.737662337662338,0.757575757575757,0.654545454545455,0.757575757575757,NCRNA00094,1,FALSE,II,TRUE,TRUE,TRUE,FALSE,FALSE,FALSE,A,saliva;blood,0.7668,0.7558,0.8199,TRUE,A+,0.6268,TRUE,4,A++,TRUE
cg13827984,7,64699983,CCT6P3;EEF1DP4;ERV3-1;INTS4P1,-1;1;-1;1,4,TRUE,TRUE,TRUE,3,0.614285714285714,0.648484848484848,0.702597402597403,0.648484848484848,0.616883116883117,0.696969696969697,,1,FALSE,II,FALSE,FALSE,FALSE,FALSE,FALSE,FALSE,B,,0.6186,0.5932,0.1835,TRUE,B,0.5481,TRUE,3,B,TRUE
cg13861644,12,130822286,PIWIL1,-1,1,TRUE,TRUE,TRUE,3,0.884415584415584,0.793939393939394,0.897402597402597,0.624242424242424,0.866233766233766,0.793939393939394,PIWIL1,7,FALSE,II,TRUE,TRUE,TRUE,FALSE,TRUE,TRUE,A,saliva;blood;buccal,0.7849,0.746,0.7338,TRUE,A+,0.7241,TRUE,4,A++,TRUE
cg13877915,19,58951672,AC012313.4;AC012313.5;AC012313.8;ZNF132,1;-1;1;-1,4,TRUE,TRUE,TRUE,3,0.753246753246753,0.939393939393939,0.88961038961039,0.781818181818182,0.862337662337662,0.842424242424242,ZNF132,9,FALSE,II,FALSE,FALSE,TRUE,TRUE,FALSE,FALSE,A,blood,0.8457,0.6866,0.8236,TRUE,A+,0.4475,FALSE,2,A++,TRUE
cg13926174,1,8152878,AL034417.2,-1,1,TRUE,TRUE,TRUE,3,0.9,0.709090909090909,0.916883116883117,0.866666666666667,0.896103896103896,0.793939393939394,,,FALSE,I,FALSE,FALSE,FALSE,FALSE,FALSE,FALSE,B,,0.8502,0.8366,0.8585,TRUE,B,,FALSE,2,B,FALSE
cg13980266,9,97022269,AL691447.2;PCAT7,1;1,2,TRUE,TRUE,TRUE,3,0.671428571428571,0.721212121212121,0.663636363636364,0.854545454545454,0.798701298701299,0.890909090909091,ZNF169,,FALSE,I,FALSE,FALSE,FALSE,FALSE,FALSE,FALSE,B,,0.4677,0.4944,0.4437,FALSE,B,0.4526,FALSE,1,B,TRUE
cg14024893,9,139943146,DPP7;MAN1B1;SAPCD2,-1;-1;1,3,TRUE,TRUE,TRUE,3,0.787012987012987,0.890909090909091,0.838961038961039,0.83030303030303,0.745454545454545,0.878787878787879,ENTPD2;ENTPD2,1,FALSE,I,FALSE,FALSE,FALSE,FALSE,FALSE,FALSE,B,,0.7758,0.744,0.2719,TRUE,B,0.5802,TRUE,3,B,TRUE
cg14111685,2,242930205,LINC01238,1,1,TRUE,TRUE,TRUE,3,0.919480519480519,0.757575757575757,0.864935064935065,0.854545454545454,0.916883116883117,0.76969696969697,,,FALSE,I,TRUE,FALSE,TRUE,FALSE,TRUE,TRUE,A,saliva;blood;buccal,0.8949,0.8316,0.9095,TRUE,A+,,FALSE,3,A+,FALSE
cg14120583,19,453860,SHC2,-1,1,TRUE,TRUE,TRUE,3,0.744155844155844,0.866666666666667,0.698701298701299,0.878787878787879,0.512987012987013,0.890909090909091,SHC2,1,FALSE,II,FALSE,FALSE,FALSE,FALSE,FALSE,FALSE,B,,0.7719,0.7748,0.7926,TRUE,B,0.4835,FALSE,2,B,TRUE
cg14159672,1,205819179,AC119673.2,1,1,TRUE,TRUE,TRUE,3,0.822077922077922,0.842424242424242,0.88961038961039,0.842424242424242,0.775324675324675,0.939393939393939,PM20D1,10,FALSE,II,TRUE,FALSE,FALSE,FALSE,FALSE,FALSE,A,saliva,0.9253,0.862,0.9179,TRUE,A+,0.7779,TRUE,4,A++,TRUE
cg14192029,4,126058,AC253576.2;ZNF718,-1;1,2,TRUE,TRUE,TRUE,3,0.814285714285714,0.951515151515151,0.788311688311688,0.963636363636364,0.787012987012987,0.903030303030303,ZNF718,1,FALSE,II,FALSE,FALSE,FALSE,FALSE,FALSE,FALSE,B,,0.6502,0.681,0.5885,TRUE,B,0.5566,TRUE,3,B,TRUE
cg14227325,2,113190197,FBLN7;RGPD8,1;-1,2,TRUE,TRUE,TRUE,3,0.936363636363636,0.963636363636364,0.907792207792208,0.915151515151515,0.937662337662338,0.878787878787879,RGPD8;RGPD5,,FALSE,II,FALSE,FALSE,FALSE,FALSE,FALSE,FALSE,B,,0.8855,0.8192,0.8986,TRUE,B,,FALSE,2,B,FALSE
cg14254433,6,34482411,ILRUN,-1,1,TRUE,TRUE,TRUE,3,0.590909090909091,0.878787878787879,0.709090909090909,0.915151515151515,0.55974025974026,0.866666666666667,PACSIN1,8,FALSE,I,FALSE,FALSE,FALSE,FALSE,FALSE,FALSE,B,,0.5712,0.5266,0.3445,TRUE,B,0.3179,FALSE,2,B,TRUE
cg14292368,19,18793705,CRLF1,-1,1,TRUE,TRUE,TRUE,3,0.590909090909091,0.551515151515151,0.653246753246753,0.612121212121212,0.82987012987013,0.818181818181818,CRTC1;CRTC1,4,FALSE,I,TRUE,FALSE,FALSE,FALSE,TRUE,FALSE,A,saliva;buccal,0.5842,0.5733,0.5316,TRUE,A+,0.3822,FALSE,3,A++,TRUE
cg14332815,11,18433564,LDHAL6A;LDHC,-1;-1,2,TRUE,TRUE,TRUE,3,0.802597402597403,0.927272727272727,0.780519480519481,0.927272727272727,0.728571428571429,0.793939393939394,LDHC;LDHC,6,FALSE,II,FALSE,FALSE,FALSE,FALSE,FALSE,FALSE,B,,0.4861,0.5022,0.5951,FALSE,B,0.4526,FALSE,1,B,TRUE
cg14381623,9,139091650,QSOX2,1,1,TRUE,TRUE,TRUE,3,0.502597402597403,0.6,0.538961038961039,0.927272727272727,0.511688311688312,0.6,LHX3;LHX3,4,FALSE,I,FALSE,FALSE,FALSE,FALSE,FALSE,FALSE,B,,0.6944,0.726,0.2818,TRUE,B,0.4355,FALSE,2,B,TRUE
cg14500267,11,67383377,GSTP1,1,1,TRUE,TRUE,TRUE,3,0.732467532467532,0.854545454545454,0.77012987012987,0.939393939393939,0.8,0.939393939393939,,7,FALSE,II,FALSE,FALSE,FALSE,FALSE,FALSE,FALSE,B,,0.6798,0.6742,0.5773,TRUE,B,0.5491,TRUE,3,B,TRUE
cg14500300,9,211689,DOCK8,1,1,TRUE,TRUE,TRUE,3,0.715584415584416,0.76969696969697,0.574025974025974,0.636363636363636,0.522077922077922,0.6,,0,TRUE,II,FALSE,TRUE,FALSE,FALSE,FALSE,FALSE,A,saliva,0.3925,0.4741,0.2953,FALSE,A+,0.3571,FALSE,2,A++,TRUE
cg14625636,9,100000026,AL445670.1;AL590705.1;AL590705.2;ANKRD18CP;CTSV;FAM220CP;GAS2L1P2;VN1R51P;ZNF322P1,-1;-1;-1;-1;-1;-1;-1;-1;-1,9,TRUE,TRUE,TRUE,3,0.531168831168831,0.745454545454545,0.64025974025974,0.551515151515151,0.806493506493506,0.612121212121212,KIAA1529,1,FALSE,II,FALSE,FALSE,FALSE,FALSE,TRUE,TRUE,A,buccal,0.2942,0.1956,0.238,FALSE,A,0.562,TRUE,2,A,TRUE
cg14669130,1,89459504,GBP3,1,1,TRUE,TRUE,TRUE,3,0.835064935064935,0.878787878787879,0.854545454545454,0.878787878787879,0.614285714285714,0.939393939393939,CCBL2;CCBL2;RBMXL1;RBMXL1,2,FALSE,II,TRUE,TRUE,TRUE,FALSE,FALSE,FALSE,A,saliva;blood,0.6597,0.6127,0.6168,TRUE,A+,,FALSE,3,A+,FALSE
cg14768256,3,44754587,KIF15;ZNF501;ZNF502,-1;-1;-1,3,TRUE,TRUE,TRUE,3,0.718181818181818,0.745454545454545,0.674025974025974,0.612121212121212,0.875324675324675,0.745454545454545,ZNF502;ZNF502;ZNF502;ZNF502,7,FALSE,II,FALSE,FALSE,FALSE,FALSE,FALSE,FALSE,B,,0.4859,0.4354,0.4038,FALSE,B,0.5567,TRUE,2,B,TRUE
cg14789911,21,47582049,FTCD;PCNT;SPATC1L;YBEY,1;-1;1;1,4,TRUE,TRUE,TRUE,3,0.832467532467532,0.927272727272727,0.771428571428571,0.951515151515151,0.909090909090909,0.878787878787879,C21orf56;C21orf56,2,FALSE,II,TRUE,FALSE,FALSE,TRUE,TRUE,TRUE,A,saliva;blood;buccal,0.8047,0.7541,0.7507,TRUE,A+,0.7985,TRUE,4,A++,TRUE
cg14893161,1,205819251,AC119673.2,1,1,TRUE,TRUE,TRUE,3,0.749350649350649,0.878787878787879,0.803896103896104,0.987878787878788,0.692207792207792,0.927272727272727,PM20D1;PM20D1,10,FALSE,II,TRUE,TRUE,TRUE,FALSE,FALSE,FALSE,A,saliva;blood,0.9245,0.839,0.9309,TRUE,A+,0.7979,TRUE,4,A++,TRUE
cg14926445,8,58193284,LINC00588,-1,1,TRUE,TRUE,TRUE,3,0.837662337662338,0.684848484848485,0.809090909090909,0.672727272727273,0.937662337662338,0.927272727272727,C8orf71,,FALSE,II,FALSE,FALSE,FALSE,FALSE,FALSE,FALSE,B,,0.5712,0.4508,0.5816,TRUE,B,0.5629,TRUE,3,B,TRUE
cg14951292,16,4525986,CDIP1;CORO7;DNAJA3;NMRAL1,-1;1;-1;-1,4,TRUE,TRUE,TRUE,3,0.636363636363636,0.757575757575757,0.564935064935065,0.624242424242424,0.667532467532468,0.806060606060606,HMOX2;HMOX2;HMOX2;NMRAL1,10,FALSE,II,FALSE,FALSE,FALSE,FALSE,FALSE,FALSE,B,,0.4483,0.5303,0.5055,FALSE,B,0.593,TRUE,2,B,TRUE
cg15000279,19,29285009,MAN1A2P1,-1,1,TRUE,TRUE,TRUE,3,0.64025974025974,0.866666666666667,0.54025974025974,0.624242424242424,0.553246753246753,0.733333333333333,,2,FALSE,II,FALSE,FALSE,FALSE,FALSE,FALSE,FALSE,B,,0.6579,0.6883,0.542,TRUE,B,0.3698,FALSE,2,B,TRUE
cg15145296,3,125709740,AC092903.1;ALG1L;ROPN1B,-1;-1;-1,3,TRUE,TRUE,TRUE,3,0.846753246753247,0.927272727272727,0.793506493506493,0.927272727272727,0.823376623376623,0.915151515151515,,1,FALSE,II,FALSE,FALSE,FALSE,FALSE,FALSE,FALSE,B,,0.7587,0.7167,0.7824,TRUE,B,0.7023,TRUE,3,B,TRUE
cg15192736,22,49448123,AL078622.1,-1,1,TRUE,TRUE,TRUE,3,0.761038961038961,0.854545454545454,0.874025974025974,0.696969696969697,0.777922077922078,0.6,,1,FALSE,I,FALSE,FALSE,FALSE,FALSE,FALSE,FALSE,B,,0.6946,0.5323,0.5161,TRUE,B,0.7307,TRUE,3,B,TRUE
cg15242686,22,24348715,AP000350.6;GSTT1,1;1,2,TRUE,TRUE,TRUE,3,0.912987012987013,0.709090909090909,0.841558441558442,0.781818181818182,0.955844155844156,0.709090909090909,GSTTP1,,FALSE,II,TRUE,TRUE,TRUE,FALSE,TRUE,TRUE,A,saliva;blood;buccal,0.7061,0.6905,0.7037,TRUE,A+,,FALSE,3,A+,FALSE
cg15295732,17,43942128,AC005829.2;AC091132.3;AC126544.1;ARL17A;ARL17B;KANSL1;KANSL1-AS1;LINC02210;LRRC37A;LRRC37A2;LRRC37A4P;MAPK8IP1P1;MAPK8IP1P2,-1;-1;-1;-1;-1;-1;-1;-1;-1;-1;1;-1;-1,13,TRUE,TRUE,TRUE,3,0.555844155844156,0.587878787878788,0.568831168831169,0.939393939393939,0.594805194805195,0.587878787878788,LOC100128977,,FALSE,II,FALSE,FALSE,FALSE,FALSE,FALSE,FALSE,B,,0.5126,0.4407,0.2982,TRUE,B,,FALSE,2,B,FALSE
cg15300101,11,112096625,BCO2,-1,1,TRUE,TRUE,TRUE,3,0.836363636363636,0.866666666666667,0.811688311688312,0.915151515151515,0.898701298701299,0.927272727272727,PTS,,FALSE,II,FALSE,FALSE,TRUE,FALSE,FALSE,FALSE,A,blood,0.7226,0.6927,0.6501,TRUE,A+,0.6367,TRUE,3,A++,TRUE
cg15331088,8,600555,ERICH1,1,1,TRUE,TRUE,TRUE,3,0.903896103896104,0.76969696969697,0.562337662337662,0.696969696969697,0.822077922077922,0.527272727272727,,4,FALSE,II,FALSE,FALSE,FALSE,FALSE,FALSE,FALSE,B,,0.2942,0.3354,0.316,FALSE,B,0.5078,TRUE,2,B,TRUE
cg15507776,3,136538369,AC096992.2;SLC35G2,1;1,2,TRUE,TRUE,TRUE,3,0.524675324675325,0.575757575757576,0.536363636363636,0.745454545454545,0.61948051948052,0.733333333333333,TMEM22;TMEM22;TMEM22;TMEM22,3,FALSE,I,FALSE,FALSE,FALSE,FALSE,FALSE,FALSE,B,,0.6976,0.709,0.68,TRUE,B,0.6003,TRUE,3,B,TRUE
cg15531562,11,65601754,SNX32,1,1,TRUE,TRUE,TRUE,3,0.687012987012987,0.842424242424242,0.753246753246753,0.939393939393939,0.636363636363636,0.878787878787879,SNX32,,FALSE,II,FALSE,FALSE,FALSE,FALSE,FALSE,FALSE,B,,0.8148,0.7045,0.221,TRUE,B,0.571,TRUE,3,B,TRUE
cg15557168,22,42548783,AC254562.1;CYP2D6;NAGA;SMDT1,-1;1;-1;-1,4,TRUE,TRUE,TRUE,3,0.784415584415584,0.575757575757576,0.731168831168831,0.793939393939394,0.71038961038961,0.587878787878788,,,FALSE,I,FALSE,FALSE,FALSE,FALSE,FALSE,FALSE,B,,0.7289,0.7014,0.7211,TRUE,B,0.6063,TRUE,3,B,TRUE
cg15574437,7,2019874,AC104129.1,1,1,TRUE,TRUE,TRUE,3,0.814285714285714,0.939393939393939,0.864935064935065,0.83030303030303,0.606493506493507,0.866666666666667,MAD1L1;MAD1L1;MAD1L1,,FALSE,I,TRUE,TRUE,TRUE,TRUE,TRUE,TRUE,A,saliva;blood;buccal,0.8607,0.8482,0.8591,TRUE,A+,,FALSE,3,A+,FALSE
cg15602054,2,170624685,CCDC173,1,1,TRUE,TRUE,TRUE,3,0.72987012987013,0.781818181818182,0.642857142857143,0.854545454545454,0.567532467532468,0.866666666666667,,2,FALSE,II,FALSE,FALSE,FALSE,FALSE,FALSE,FALSE,B,,0.5508,0.5348,0.4042,TRUE,B,0.2518,FALSE,2,B,TRUE
cg15697225,12,133186923,POLE,1,1,TRUE,TRUE,TRUE,3,0.666233766233766,0.915151515151515,0.7,0.975757575757576,0.732467532467532,0.842424242424242,,8,FALSE,II,FALSE,FALSE,FALSE,FALSE,FALSE,FALSE,B,,0.4601,0.5025,0.4881,FALSE,B,0.5556,TRUE,2,B,TRUE
cg15727925,19,9546735,AC011451.4,-1,1,TRUE,TRUE,TRUE,3,0.581818181818182,0.76969696969697,0.52987012987013,0.806060606060606,0.650649350649351,0.854545454545454,ZNF266;ZNF266,,FALSE,II,FALSE,FALSE,FALSE,FALSE,FALSE,FALSE,B,,0.5939,0.605,0.5373,TRUE,B,0.5101,TRUE,3,B,TRUE
cg15798862,7,76129360,ZP3,1,1,TRUE,TRUE,TRUE,3,0.787012987012987,0.76969696969697,0.906493506493506,0.806060606060606,0.628571428571429,0.83030303030303,DTX2;DTX2;DTX2;DTX2,,FALSE,II,FALSE,FALSE,FALSE,FALSE,FALSE,FALSE,B,,0.7592,0.7117,0.5675,TRUE,B,,FALSE,2,B,FALSE
cg16006841,5,176797999,RGS14,-1,1,TRUE,TRUE,TRUE,3,0.746753246753247,0.951515151515151,0.679220779220779,0.818181818181818,0.77012987012987,0.806060606060606,RGS14,4,FALSE,I,FALSE,TRUE,TRUE,TRUE,FALSE,FALSE,A,saliva;blood,0.8126,0.8295,0.7602,TRUE,A+,0.6679,TRUE,4,A++,TRUE
cg16056087,4,120375747,AC110373.1;GTF2IP12;KLHL2P1;SEPTIN7P14;USP53,1;1;1;-1;-1,5,TRUE,TRUE,TRUE,3,0.577922077922078,0.915151515151515,0.797402597402597,0.878787878787879,0.796103896103896,0.927272727272727,,,FALSE,I,TRUE,TRUE,TRUE,FALSE,FALSE,FALSE,A,saliva;blood,0.7383,0.6621,0.7658,TRUE,A+,,FALSE,3,A+,FALSE
cg16120147,8,143852587,LNCOC1;LY6D;THEM6,1;1;1,3,TRUE,TRUE,TRUE,3,0.820779220779221,0.83030303030303,0.764935064935065,0.842424242424242,0.735064935064935,0.890909090909091,LYNX1;LYNX1,,FALSE,I,TRUE,FALSE,TRUE,FALSE,TRUE,TRUE,A,saliva;blood;buccal,0.8243,0.8008,0.7594,TRUE,A+,,FALSE,3,A+,FALSE
cg16145915,7,1198662,ZFAND2A-DT,1,1,TRUE,TRUE,TRUE,3,0.507792207792208,0.660606060606061,0.735064935064935,0.866666666666667,0.807792207792208,0.551515151515151,ZFAND2A,5,FALSE,I,FALSE,FALSE,TRUE,FALSE,FALSE,FALSE,A,blood,0.8171,0.808,0.7708,TRUE,A+,0.8343,TRUE,3,A++,TRUE
cg16178271,7,1948755,AC104129.1,1,1,TRUE,TRUE,TRUE,3,0.871428571428571,0.951515151515151,0.720779220779221,0.878787878787879,0.828571428571429,0.806060606060606,MAD1L1;MAD1L1;MAD1L1,,FALSE,I,TRUE,TRUE,TRUE,FALSE,TRUE,TRUE,A,saliva;blood;buccal,0.8824,0.8491,0.859,TRUE,A+,,FALSE,3,A+,FALSE
cg16187013,10,133949209,JAKMIP3,1,1,TRUE,TRUE,TRUE,3,0.74025974025974,0.696969696969697,0.622077922077922,0.721212121212121,0.749350649350649,0.466666666666667,JAKMIP3,2,FALSE,II,FALSE,FALSE,FALSE,FALSE,FALSE,FALSE,B,,0.5197,0.5267,0.4049,TRUE,B,0.2779,FALSE,2,B,TRUE
cg16311044,8,145164209,WDR97,-1,1,TRUE,TRUE,TRUE,3,0.697402597402597,0.854545454545454,0.697402597402597,0.672727272727273,0.683116883116883,0.684848484848485,KIAA1875,3,FALSE,II,FALSE,FALSE,FALSE,FALSE,FALSE,FALSE,B,,0.6635,0.6451,0.5544,TRUE,B,0.5664,TRUE,3,B,TRUE
cg16474696,19,13875014,MRI1,-1,1,TRUE,TRUE,TRUE,3,0.901298701298701,0.878787878787879,0.91038961038961,0.878787878787879,0.905194805194805,1,MRI1;MRI1,8,FALSE,II,TRUE,TRUE,TRUE,TRUE,TRUE,FALSE,A,saliva;blood;buccal,0.927,0.9148,0.9134,TRUE,A+,0.8088,TRUE,4,A++,TRUE
cg16533245,17,10612342,SCO1;TMEM220,1;-1,2,TRUE,TRUE,TRUE,3,0.655844155844156,0.624242424242424,0.768831168831169,0.672727272727273,0.771428571428571,0.248484848484848,C17orf48,0,TRUE,II,TRUE,TRUE,TRUE,FALSE,TRUE,TRUE,A,saliva;blood;buccal,0.6622,0.7102,0.7182,TRUE,A+,,FALSE,3,A+,FALSE
cg16666206,19,58281797,ZNF417;ZNF552;ZNF586;ZNF587,1;1;1;-1,4,TRUE,TRUE,TRUE,3,0.667532467532468,0.612121212121212,0.705194805194805,0.515151515151515,0.848051948051948,0.490909090909091,ZNF586,2,FALSE,II,FALSE,FALSE,FALSE,FALSE,FALSE,FALSE,B,,0.3686,0.3628,0.3044,FALSE,B,0.3869,FALSE,1,B,TRUE
cg16810621,17,3290164,OR3A2,-1,1,TRUE,TRUE,TRUE,3,0.603896103896104,0.660606060606061,0.735064935064935,0.539393939393939,0.649350649350649,0.333333333333333,,3,FALSE,II,FALSE,FALSE,FALSE,FALSE,FALSE,FALSE,B,,0.3339,0.3907,0.3467,FALSE,B,0.202,FALSE,1,B,TRUE
cg16878027,12,133335468,POLE;PXMP2,1;-1,2,TRUE,TRUE,TRUE,3,0.827272727272727,0.927272727272727,0.888311688311688,0.83030303030303,0.883116883116883,0.733333333333333,ANKLE2,1,FALSE,II,FALSE,FALSE,FALSE,FALSE,FALSE,FALSE,B,,0.6165,0.5827,0.4458,TRUE,B,0.5267,TRUE,3,B,TRUE
cg16906346,6,24646782,TDP2,1,1,TRUE,TRUE,TRUE,3,0.864935064935065,0.806060606060606,0.812987012987013,0.709090909090909,0.801298701298701,0.878787878787879,KIAA0319;KIAA0319;KIAA0319;KIAA0319;KIAA0319,11,FALSE,I,FALSE,FALSE,FALSE,FALSE,FALSE,FALSE,B,,0.8571,0.8259,0.8543,TRUE,B,0.7972,TRUE,3,B,TRUE
cg17071417,19,50962282,ASPDH;MYBPC2,-1;-1,2,TRUE,TRUE,TRUE,3,0.658441558441558,0.76969696969697,0.715584415584416,0.733333333333333,0.751948051948052,0.793939393939394,MYBPC2,1,FALSE,II,FALSE,FALSE,TRUE,FALSE,TRUE,TRUE,A,blood;buccal,0.6703,0.6177,0.5676,TRUE,A+,0.6239,TRUE,3,A++,TRUE
cg17099656,22,47135171,AL118516.1,1,1,TRUE,TRUE,TRUE,3,0.820779220779221,0.854545454545454,0.844155844155844,0.757575757575757,0.78961038961039,0.866666666666667,CERK,3,FALSE,II,TRUE,FALSE,TRUE,FALSE,FALSE,FALSE,A,saliva;blood,0.872,0.8653,0.8885,TRUE,A+,0.714,TRUE,4,A++,TRUE
cg17146558,15,101095374,AC027020.2;PRKXP1,1;1,2,TRUE,TRUE,TRUE,3,0.742857142857143,0.927272727272727,0.545454545454545,0.76969696969697,0.635064935064935,0.660606060606061,,,FALSE,I,FALSE,FALSE,FALSE,FALSE,FALSE,FALSE,B,,0.7122,0.5506,0.576,TRUE,B,,FALSE,2,B,FALSE
cg17178900,1,205818956,AC119673.2,1,1,TRUE,TRUE,TRUE,3,0.862337662337662,0.842424242424242,0.732467532467532,0.939393939393939,0.737662337662338,0.696969696969697,PM20D1,8,FALSE,I,FALSE,FALSE,FALSE,FALSE,FALSE,FALSE,B,,0.9123,0.8335,0.8856,TRUE,B,0.7506,TRUE,3,B,TRUE
cg17240725,7,73149356,METTL27,1,1,TRUE,TRUE,TRUE,3,0.655844155844156,0.757575757575757,0.663636363636364,0.672727272727273,0.711688311688312,0.903030303030303,WBSCR26,3,FALSE,II,FALSE,FALSE,FALSE,FALSE,FALSE,FALSE,B,,0.6356,0.6377,-0.3441,TRUE,B,0.5214,TRUE,3,B,TRUE
cg17267398,17,671649,DBIL5P;TLCD3A,-1;1,2,TRUE,TRUE,TRUE,3,0.575324675324675,0.672727272727273,0.606493506493507,0.903030303030303,0.64025974025974,0.624242424242424,GLOD4,,FALSE,II,FALSE,FALSE,FALSE,FALSE,FALSE,FALSE,B,,0.6482,0.631,0.676,TRUE,B,0.6996,TRUE,3,B,TRUE
cg17444298,5,211954,AHRR;CCDC127,-1;-1,2,TRUE,TRUE,TRUE,3,0.67012987012987,0.733333333333333,0.711688311688312,0.575757575757576,0.785714285714286,0.272727272727273,CCDC127,,FALSE,II,FALSE,FALSE,FALSE,FALSE,FALSE,FALSE,B,,0.5037,0.4782,0.4283,TRUE,B,,FALSE,2,B,FALSE
cg17445212,2,113993313,PAX8;PAX8-AS1,-1;-1,2,TRUE,TRUE,TRUE,3,0.942857142857143,0.975757575757576,0.950649350649351,0.915151515151515,0.957142857142857,0.927272727272727,PAX8;PAX8;PAX8;PAX8;PAX8;LOC440839;LOC654433,5,FALSE,II,TRUE,TRUE,TRUE,TRUE,TRUE,TRUE,A,saliva;blood;buccal,0.7719,0.7978,0.0219,TRUE,A+,0.6212,TRUE,4,A++,TRUE
cg17509989,5,176798049,RGS14,-1,1,TRUE,TRUE,TRUE,3,0.824675324675325,0.915151515151515,0.82987012987013,0.903030303030303,0.746753246753247,0.975757575757576,RGS14,3,FALSE,I,TRUE,FALSE,TRUE,TRUE,FALSE,FALSE,A,saliva;blood,0.8465,0.8353,0.7877,TRUE,A+,0.7148,TRUE,4,A++,TRUE
cg17598339,2,170624727,CCDC173,1,1,TRUE,TRUE,TRUE,3,0.8,0.927272727272727,0.645454545454546,0.866666666666667,0.737662337662338,0.854545454545454,,2,FALSE,I,FALSE,FALSE,FALSE,FALSE,FALSE,FALSE,B,,0.6913,0.6383,0.5231,TRUE,B,0.4604,FALSE,2,B,TRUE
cg17747265,1,1875780,CFAP74,-1,1,TRUE,TRUE,TRUE,3,0.831168831168831,0.963636363636364,0.884415584415584,0.939393939393939,0.849350649350649,0.927272727272727,,3,FALSE,II,TRUE,FALSE,TRUE,FALSE,TRUE,TRUE,A,saliva;blood;buccal,0.7732,0.773,0.6733,TRUE,A+,0.6964,TRUE,4,A++,TRUE
cg17906851,17,78935070,AC127496.1,1,1,TRUE,TRUE,TRUE,3,0.850649350649351,0.781818181818182,0.796103896103896,0.745454545454545,0.806493506493506,0.866666666666667,RPTOR;RPTOR,,FALSE,I,TRUE,TRUE,TRUE,FALSE,FALSE,FALSE,A,saliva;blood,0.8278,0.8206,0.8547,TRUE,A+,,FALSE,3,A+,FALSE
cg17985854,11,65770987,SNX32,1,1,TRUE,TRUE,TRUE,3,0.9,0.636363636363636,0.683116883116883,0.854545454545454,0.779220779220779,0.842424242424242,BANF1;EIF1AD;BANF1,2,FALSE,II,FALSE,FALSE,FALSE,FALSE,FALSE,FALSE,B,,0.4384,0.4287,0.0107,FALSE,B,0.2973,FALSE,1,B,TRUE
cg18135555,8,22132992,PIWIL2,-1,1,TRUE,TRUE,TRUE,3,0.883116883116883,0.903030303030303,0.876623376623377,0.806060606060606,0.907792207792208,0.672727272727273,PIWIL2;PIWIL2,11,FALSE,II,FALSE,FALSE,FALSE,FALSE,FALSE,FALSE,B,,0.6353,0.6064,0.5392,TRUE,B,0.6086,TRUE,3,B,TRUE
cg18254983,19,51330299,LINC01869,1,1,TRUE,TRUE,TRUE,3,0.616883116883117,0.684848484848485,0.716883116883117,0.696969696969697,0.675324675324675,0.963636363636364,KLK15;KLK15;KLK15,2,FALSE,II,FALSE,FALSE,FALSE,FALSE,FALSE,FALSE,B,,0.493,0.4977,0.455,FALSE,B,0.3328,FALSE,1,B,TRUE
cg18354836,11,118559757,AP004609.3,1,1,TRUE,TRUE,TRUE,3,0.842857142857143,0.648484848484848,0.749350649350649,0.818181818181818,0.87012987012987,0.478787878787879,,,FALSE,II,TRUE,TRUE,TRUE,FALSE,TRUE,TRUE,A,saliva;blood;buccal,0.6472,0.6237,0.5702,TRUE,A+,0.4906,FALSE,3,A++,TRUE
cg18402987,7,1209562,C7ORF50,1,1,TRUE,TRUE,TRUE,3,0.697402597402597,0.684848484848485,0.781818181818182,0.660606060606061,0.796103896103896,0.878787878787879,,2,FALSE,I,FALSE,FALSE,FALSE,FALSE,FALSE,FALSE,B,,0.7307,0.7489,0.7602,TRUE,B,0.7444,TRUE,3,B,TRUE
cg18479299,3,125709523,AC092903.1;ALG1L;ROPN1B,-1;-1;-1,3,TRUE,TRUE,TRUE,3,0.879220779220779,0.878787878787879,0.835064935064935,0.927272727272727,0.820779220779221,0.975757575757576,,,FALSE,II,TRUE,TRUE,FALSE,FALSE,FALSE,FALSE,A,saliva,0.7114,0.6705,0.6379,TRUE,A+,0.6972,TRUE,4,A++,TRUE
cg18668511,5,140557227,PCDHB16;PCDHB8,1;-1,2,TRUE,TRUE,TRUE,3,0.606493506493507,0.515151515151515,0.667532467532468,0.624242424242424,0.707792207792208,0.963636363636364,PCDHB8,2,FALSE,II,FALSE,FALSE,TRUE,TRUE,FALSE,FALSE,A,blood,0.6412,0.6291,0.5931,TRUE,A+,0.6692,TRUE,3,A++,TRUE
cg18705301,15,41695430,NDUFAF1;NUSAP1,1;-1,2,TRUE,TRUE,TRUE,3,0.796103896103896,0.842424242424242,0.874025974025974,0.927272727272727,0.866233766233766,0.83030303030303,NDUFAF1,,FALSE,II,FALSE,FALSE,FALSE,FALSE,FALSE,FALSE,B,,0.7716,0.6799,0.6541,TRUE,B,,FALSE,2,B,FALSE
cg18805164,19,36265700,U2AF1L4,-1,1,TRUE,TRUE,TRUE,3,0.725974025974026,0.854545454545454,0.7,0.842424242424242,0.784415584415584,0.890909090909091,SNX26,2,FALSE,I,TRUE,FALSE,TRUE,FALSE,TRUE,FALSE,A,saliva;blood;buccal,0.8406,0.8264,0.7204,TRUE,A+,0.7824,TRUE,4,A++,TRUE
cg18807011,1,184633572,AL713852.1,1,1,TRUE,TRUE,TRUE,3,0.505194805194805,0.83030303030303,0.853246753246753,0.660606060606061,0.744155844155844,0.36969696969697,,2,FALSE,II,FALSE,FALSE,FALSE,FALSE,FALSE,FALSE,B,,0.3669,0.3807,0.2497,FALSE,B,0.0804,FALSE,1,B,TRUE
cg18811130,10,131268886,MGMT,-1,1,TRUE,TRUE,TRUE,3,0.811688311688312,0.842424242424242,0.884415584415584,0.793939393939394,0.81038961038961,0.878787878787879,MGMT,0,TRUE,I,FALSE,FALSE,FALSE,FALSE,FALSE,FALSE,B,,0.8533,0.7664,0.804,TRUE,B,0.673,TRUE,3,B,TRUE
cg18815398,20,61506981,DIDO1,-1,1,TRUE,TRUE,TRUE,3,0.51038961038961,0.842424242424242,0.61038961038961,0.721212121212121,0.719480519480519,0.866666666666667,,0,TRUE,II,TRUE,TRUE,FALSE,FALSE,TRUE,TRUE,A,saliva;buccal,0.6363,0.5945,0.3687,TRUE,A+,0.4236,FALSE,3,A++,TRUE
cg18825076,15,78729989,CHRNA5,1,1,TRUE,TRUE,TRUE,3,0.735064935064935,0.757575757575757,0.842857142857143,0.890909090909091,0.833766233766234,0.745454545454545,IREB2,6,FALSE,II,FALSE,FALSE,FALSE,FALSE,FALSE,FALSE,B,,0.6102,0.6267,0.7494,TRUE,B,0.2586,FALSE,2,B,TRUE
cg18898632,2,242989856,AC093642.5,-1,1,TRUE,TRUE,TRUE,3,0.771428571428571,0.890909090909091,0.872727272727273,0.842424242424242,0.772727272727273,0.866666666666667,,4,FALSE,II,FALSE,FALSE,FALSE,FALSE,FALSE,FALSE,B,,0.4641,0.4646,0.4594,FALSE,B,,FALSE,1,B,FALSE
cg18925846,8,145164991,WDR97,-1,1,TRUE,TRUE,TRUE,3,0.725974025974026,0.672727272727273,0.684415584415584,0.721212121212121,0.731168831168831,0.866666666666667,KIAA1875,3,FALSE,II,FALSE,FALSE,FALSE,FALSE,FALSE,FALSE,B,,0.6769,0.6817,0.5766,TRUE,B,0.6789,TRUE,3,B,TRUE
cg19000186,4,47956011,AC107068.1;CNGA1,-1;-1,2,TRUE,TRUE,TRUE,3,0.822077922077922,0.818181818181818,0.841558441558442,0.818181818181818,0.802597402597403,0.612121212121212,CNGA1;CNGA1,1,FALSE,II,FALSE,FALSE,FALSE,FALSE,FALSE,FALSE,B,,0.4937,0.5404,0.3094,FALSE,B,0.4437,FALSE,1,B,TRUE
cg19051117,19,21767566,AC010615.2;AC123912.1;AC123912.4;LINC00664;ZNF208,-1;-1;-1;-1;-1,5,TRUE,TRUE,TRUE,3,0.674025974025974,0.624242424242424,0.555844155844156,0.648484848484848,0.688311688311688,0.975757575757576,,0,TRUE,II,FALSE,FALSE,FALSE,FALSE,FALSE,FALSE,B,,0.3817,0.3839,0.4362,FALSE,B,0.2953,FALSE,1,B,TRUE
cg19083407,2,113993142,PAX8;PAX8-AS1,-1;-1,2,TRUE,TRUE,TRUE,3,0.866233766233766,0.939393939393939,0.946753246753247,0.890909090909091,0.954545454545455,0.781818181818182,PAX8;PAX8;PAX8;PAX8;PAX8;LOC440839;LOC654433,7,FALSE,II,TRUE,TRUE,TRUE,TRUE,TRUE,TRUE,A,saliva;blood;buccal,0.7856,0.7993,0.0466,TRUE,A+,0.7225,TRUE,4,A++,TRUE
cg19128026,8,1792615,AC100810.7;ARHGEF10,-1;-1,2,TRUE,TRUE,TRUE,3,0.58961038961039,0.854545454545454,0.622077922077922,0.951515151515151,0.541558441558442,0.854545454545454,ARHGEF10,,FALSE,II,FALSE,FALSE,FALSE,FALSE,FALSE,FALSE,B,,0.5983,0.5301,0.559,TRUE,B,,FALSE,2,B,FALSE
cg19374305,2,196933852,DNAH7,1,1,TRUE,TRUE,TRUE,3,0.606493506493507,0.575757575757576,0.651948051948052,0.842424242424242,0.705194805194805,0.709090909090909,DNAH7,8,FALSE,II,FALSE,FALSE,FALSE,FALSE,FALSE,FALSE,B,,0.5698,0.4947,0.5834,TRUE,B,0.4484,FALSE,2,B,TRUE
cg19405177,8,145001428,PLEC,-1,1,TRUE,TRUE,TRUE,3,0.897402597402597,0.878787878787879,0.883116883116883,0.83030303030303,0.91038961038961,0.793939393939394,PLEC1;PLEC1;PLEC1;PLEC1;PLEC1;PLEC1;PLEC1;PLEC1,5,FALSE,II,TRUE,TRUE,TRUE,FALSE,TRUE,TRUE,A,saliva;blood;buccal,0.7548,0.7702,0.8174,TRUE,A+,0.5964,TRUE,4,A++,TRUE
cg19504605,8,144339106,MINCR,1,1,TRUE,TRUE,TRUE,3,0.81038961038961,0.915151515151515,0.772727272727273,0.987878787878788,0.842857142857143,0.927272727272727,ZFP41,0,TRUE,II,TRUE,TRUE,TRUE,TRUE,FALSE,FALSE,A,saliva;blood,0.78,0.7569,0.7211,TRUE,A+,0.804,TRUE,4,A++,TRUE
cg19518503,19,36800845,ZFP82,-1,1,TRUE,TRUE,TRUE,3,0.642857142857143,0.575757575757576,0.732467532467532,0.709090909090909,0.871428571428571,0.515151515151515,LOC100134317,,FALSE,I,TRUE,TRUE,FALSE,FALSE,TRUE,TRUE,A,saliva;buccal,0.7729,0.7137,0.7412,TRUE,A+,,FALSE,3,A+,FALSE
cg19551541,4,190935955,FRG1-DT,1,1,TRUE,TRUE,TRUE,3,0.805194805194805,0.854545454545454,0.892207792207792,0.878787878787879,0.918181818181818,0.648484848484848,,,FALSE,I,FALSE,FALSE,FALSE,FALSE,FALSE,FALSE,B,,0.7544,0.7558,0.706,TRUE,B,0.6458,TRUE,3,B,TRUE
cg19650706,5,140594406,PCDHB10,-1,1,TRUE,TRUE,TRUE,3,0.981818181818182,0.878787878787879,0.981818181818182,0.963636363636364,0.983116883116883,0.854545454545454,PCDHB13,,FALSE,II,TRUE,TRUE,TRUE,TRUE,TRUE,TRUE,A,saliva;blood;buccal,0.9478,0.8857,0.9421,TRUE,A+,,FALSE,3,A+,FALSE
cg19766460,21,43528205,UMODL1-AS1,1,1,TRUE,TRUE,TRUE,3,0.515584415584416,0.503030303030303,0.748051948051948,0.781818181818182,0.568831168831169,0.284848484848485,UMODL1;UMODL1;C21orf128,2,FALSE,II,FALSE,FALSE,TRUE,FALSE,FALSE,FALSE,A,blood,0.7715,0.7349,0.7109,TRUE,A+,0.5657,TRUE,3,A++,TRUE
cg19767548,11,18433554,LDHAL6A;LDHC,-1;-1,2,TRUE,TRUE,TRUE,3,0.831168831168831,0.903030303030303,0.801298701298701,0.648484848484848,0.74025974025974,0.503030303030303,LDHC;LDHC,6,FALSE,II,FALSE,FALSE,FALSE,FALSE,FALSE,FALSE,B,,0.3758,0.4116,0.5457,FALSE,B,0.4787,FALSE,1,B,TRUE
cg19787013,8,145737513,KIFC2,-1,1,TRUE,TRUE,TRUE,3,0.855844155844156,0.927272727272727,0.823376623376623,0.684848484848485,0.836363636363636,0.721212121212121,RECQL4,,FALSE,I,TRUE,TRUE,TRUE,FALSE,TRUE,TRUE,A,saliva;blood;buccal,0.8727,0.8569,0.8798,TRUE,A+,,FALSE,3,A+,FALSE
cg19904058,10,135279010,MTG1;SCART1,-1;1,2,TRUE,TRUE,TRUE,3,0.874025974025974,0.878787878787879,0.902597402597403,0.539393939393939,0.64025974025974,0.6,LOC619207,4,FALSE,I,FALSE,FALSE,FALSE,FALSE,FALSE,FALSE,B,,0.4439,0.4506,0.254,FALSE,B,0.4459,FALSE,1,B,TRUE
cg20044090,18,44545794,AC012254.7,1,1,TRUE,TRUE,TRUE,3,0.711688311688312,0.587878787878788,0.841558441558442,0.696969696969697,0.862337662337662,0.212121212121212,KATNAL2;TCEB3CL,,FALSE,II,TRUE,TRUE,TRUE,TRUE,TRUE,TRUE,A,saliva;blood;buccal,0.6138,0.6454,0.6999,TRUE,A+,,FALSE,3,A+,FALSE
cg20176706,3,44803129,ZNF501;ZNF502,1;1,2,TRUE,TRUE,TRUE,3,0.793506493506493,0.975757575757576,0.806493506493506,0.975757575757576,0.733766233766234,0.939393939393939,KIF15;KIAA1143;KIAA1143,,FALSE,I,TRUE,TRUE,TRUE,FALSE,TRUE,TRUE,A,saliva;blood;buccal,0.8695,0.7693,0.8237,TRUE,A+,,FALSE,3,A+,FALSE
cg20188490,12,11080457,AC244131.1;LINC01252;PRH1;TAS2R14,1;1;1;1,4,TRUE,TRUE,TRUE,3,0.746753246753247,0.806060606060606,0.719480519480519,0.781818181818182,0.850649350649351,0.733333333333333,PRH2;PRH2;PRR4;PRH1,,FALSE,II,FALSE,FALSE,TRUE,TRUE,TRUE,TRUE,A,blood;buccal,0.6769,0.6049,0.7894,TRUE,A+,0.6136,TRUE,3,A++,TRUE
cg20208858,19,49865767,TEAD2,1,1,TRUE,TRUE,TRUE,3,0.587012987012987,0.76969696969697,0.65974025974026,0.709090909090909,0.802597402597403,0.636363636363636,DKKL1;TEAD2,4,FALSE,I,TRUE,FALSE,TRUE,FALSE,FALSE,FALSE,A,saliva;blood,0.4305,0.4234,0.4569,FALSE,A+,0.4385,FALSE,2,A++,TRUE
cg20220242,21,30392188,AF165147.1;RWDD2B,-1;-1,2,TRUE,TRUE,TRUE,3,0.88961038961039,0.878787878787879,0.748051948051948,0.854545454545454,0.812987012987013,0.854545454545454,RWDD2B,6,FALSE,II,FALSE,FALSE,FALSE,FALSE,TRUE,TRUE,A,buccal,0.4909,0.4628,0.4306,FALSE,A+,0.5712,TRUE,2,A++,TRUE
cg20239381,11,590115,TMEM80,1,1,TRUE,TRUE,TRUE,3,0.750649350649351,0.587878787878788,0.692207792207792,0.6,0.814285714285714,0.806060606060606,PHRF1,,FALSE,II,FALSE,TRUE,FALSE,FALSE,FALSE,FALSE,A,saliva,0.7063,0.7111,0.5403,TRUE,A+,0.6252,TRUE,4,A++,TRUE
cg20262330,14,70826997,COX16,1,1,TRUE,TRUE,TRUE,3,0.623376623376623,0.890909090909091,0.579220779220779,0.612121212121212,0.738961038961039,0.696969696969697,COX16,6,FALSE,II,FALSE,FALSE,FALSE,FALSE,FALSE,FALSE,B,,0.3251,0.3234,0.1916,FALSE,B,0.441,FALSE,1,B,TRUE
cg20293894,10,134779328,CFAP46,1,1,TRUE,TRUE,TRUE,3,0.797402597402597,0.793939393939394,0.844155844155844,0.866666666666667,0.901298701298701,0.903030303030303,,,FALSE,II,FALSE,FALSE,FALSE,FALSE,FALSE,FALSE,B,,0.6945,0.691,0.5315,TRUE,B,,FALSE,2,B,FALSE
cg20415053,1,26527928,CNKSR1,1,1,TRUE,TRUE,TRUE,3,0.693506493506494,0.527272727272727,0.836363636363636,0.818181818181818,0.697402597402597,0.393939393939394,CATSPER4,2,FALSE,I,FALSE,FALSE,FALSE,FALSE,FALSE,FALSE,B,,0.8448,0.8511,0.7624,TRUE,B,0.5488,TRUE,3,B,TRUE
cg20433858,1,248101009,OR2L13;OR2L2;OR2M4,-1;-1;-1,3,TRUE,TRUE,TRUE,3,0.835064935064935,0.854545454545454,0.87012987012987,0.818181818181818,0.918181818181818,0.709090909090909,OR2L13,4,FALSE,II,FALSE,TRUE,TRUE,FALSE,TRUE,TRUE,A,saliva;blood;buccal,0.7996,0.832,0.7622,TRUE,A+,0.7678,TRUE,4,A++,TRUE
cg20434529,1,248100345,OR2L13,-1,1,TRUE,TRUE,TRUE,3,0.854545454545454,0.721212121212121,0.797402597402597,0.939393939393939,0.8,0.709090909090909,OR2L13,,FALSE,II,TRUE,FALSE,TRUE,FALSE,TRUE,FALSE,A,saliva;blood;buccal,0.8712,0.8262,0.7503,TRUE,A+,0.6365,TRUE,4,A++,TRUE
cg20499290,10,38015579,ZNF25,1,1,TRUE,TRUE,TRUE,3,0.611688311688312,0.6,0.742857142857143,0.781818181818182,0.566233766233766,0.709090909090909,,0,TRUE,I,FALSE,TRUE,FALSE,FALSE,FALSE,FALSE,A,saliva,0.4829,0.5253,0.357,FALSE,A+,0.3163,FALSE,2,A++,TRUE
cg20607287,7,12443886,VWDE,-1,1,TRUE,TRUE,TRUE,3,0.707792207792208,0.854545454545454,0.597402597402597,0.83030303030303,0.703896103896104,0.890909090909091,VWDE,9,FALSE,II,FALSE,FALSE,FALSE,FALSE,FALSE,FALSE,B,,0.6241,0.6237,0.5807,TRUE,B,0.3908,FALSE,2,B,TRUE
cg20662725,19,22235022,ZNF257,-1,1,TRUE,TRUE,TRUE,3,0.657142857142857,0.781818181818182,0.531168831168831,0.660606060606061,0.892207792207792,0.745454545454545,ZNF257,,FALSE,II,FALSE,FALSE,FALSE,FALSE,FALSE,FALSE,B,,0.4949,0.5345,0.4023,FALSE,B,,FALSE,1,B,FALSE
cg20727362,22,43045952,A4GALT,-1,1,TRUE,TRUE,TRUE,3,0.649350649350649,0.842424242424242,0.805194805194805,0.866666666666667,0.72987012987013,0.866666666666667,CYB5R3,7,FALSE,II,TRUE,TRUE,TRUE,FALSE,TRUE,TRUE,A,saliva;blood;buccal,0.5597,0.5027,0.6509,TRUE,A+,0.5129,TRUE,4,A++,TRUE
cg20803293,1,110254709,GSTM1;GSTM2;GSTM5,-1;-1;-1,3,TRUE,TRUE,TRUE,3,0.662337662337662,0.684848484848485,0.875324675324675,0.842424242424242,0.666233766233766,0.660606060606061,GSTM5,,FALSE,I,TRUE,FALSE,TRUE,FALSE,FALSE,TRUE,A,saliva;blood;buccal,0.8602,0.7903,0.7549,TRUE,A+,0.6463,TRUE,4,A++,TRUE
cg20825710,11,1620352,KRTAP5-AS1,-1,1,TRUE,TRUE,TRUE,3,0.628571428571429,0.866666666666667,0.698701298701299,0.866666666666667,0.623376623376623,0.696969696969697,HCCA2;KRTAP5-2;LOC338651,,FALSE,II,TRUE,FALSE,FALSE,FALSE,FALSE,FALSE,A,saliva,0.6022,0.5787,0.6589,TRUE,A+,0.1093,FALSE,3,A+,TRUE
cg20849893,7,64541193,AC073210.1;CCT6P3;EEF1DP4;ERV3-1;GTF2IP14;INTS4P1,1;1;-1;1;1;-1,6,TRUE,TRUE,TRUE,3,0.527272727272727,0.76969696969697,0.596103896103896,0.648484848484848,0.766233766233766,0.442424242424242,,,FALSE,II,TRUE,FALSE,TRUE,FALSE,TRUE,FALSE,A,saliva;blood;buccal,0.5323,0.4568,0.6427,TRUE,A+,0.4158,FALSE,3,A++,TRUE
cg20861237,15,101090531,AC027020.2;PRKXP1,1;1,2,TRUE,TRUE,TRUE,3,0.68961038961039,0.733333333333333,0.798701298701299,0.854545454545454,0.771428571428571,0.660606060606061,,,FALSE,II,FALSE,FALSE,FALSE,FALSE,FALSE,FALSE,B,,0.6039,0.5912,0.654,TRUE,B,0.4685,FALSE,2,B,TRUE
cg20995778,19,55478262,AC011476.3;NLRP2,-1;-1,2,TRUE,TRUE,TRUE,3,0.736363636363636,0.818181818181818,0.820779220779221,0.915151515151515,0.881818181818182,0.915151515151515,NLRP2,,FALSE,II,TRUE,TRUE,TRUE,FALSE,TRUE,TRUE,A,saliva;blood;buccal,0.6369,0.646,0.5803,TRUE,A+,,FALSE,3,A+,FALSE
cg21006727,21,46349059,AL844908.2;LINC01547,-1;-1,2,TRUE,TRUE,TRUE,3,0.803896103896104,0.927272727272727,0.776623376623377,0.733333333333333,0.837662337662338,0.612121212121212,ITGB2,5,FALSE,II,FALSE,FALSE,FALSE,FALSE,TRUE,TRUE,A,buccal,0.5824,0.6415,0.5216,TRUE,A+,0.1408,FALSE,2,A+,TRUE
cg21042333,19,49538828,RUVBL2,1,1,TRUE,TRUE,TRUE,3,0.742857142857143,0.745454545454545,0.64025974025974,0.551515151515151,0.885714285714286,0.36969696969697,SNAR-G1;CGB1,,FALSE,II,FALSE,FALSE,FALSE,TRUE,FALSE,FALSE,A,blood,0.5667,0.5598,0.5744,TRUE,A+,,FALSE,2,A+,FALSE
cg21116314,19,9546752,AC011451.4;ZNF266,-1;1,2,TRUE,TRUE,TRUE,3,0.503896103896104,0.624242424242424,0.542857142857143,0.927272727272727,0.535064935064935,0.660606060606061,ZNF266;ZNF266,10,FALSE,II,FALSE,FALSE,FALSE,FALSE,FALSE,FALSE,B,,0.4803,0.4883,0.3525,FALSE,B,0.283,FALSE,1,B,TRUE
cg21194808,1,2205498,FAAP20,-1,1,TRUE,TRUE,TRUE,3,0.616883116883117,0.721212121212121,0.8,0.551515151515151,0.796103896103896,0.648484848484848,SKI,5,FALSE,II,FALSE,FALSE,FALSE,FALSE,FALSE,FALSE,B,,0.4996,0.4888,-0.0395,FALSE,B,0.3079,FALSE,1,B,TRUE
cg21315874,15,80211847,AC015871.3,-1,1,TRUE,TRUE,TRUE,3,0.62987012987013,0.866666666666667,0.702597402597403,0.527272727272727,0.692207792207792,0.393939393939394,ST20,,FALSE,I,FALSE,FALSE,FALSE,FALSE,FALSE,FALSE,B,,0.5985,0.5934,0.5812,TRUE,B,,FALSE,2,B,FALSE
cg21385522,1,16154831,AL450998.1,1,1,TRUE,TRUE,TRUE,3,0.825974025974026,0.781818181818182,0.88961038961039,0.733333333333333,0.85974025974026,0.721212121212121,,,FALSE,II,FALSE,FALSE,TRUE,FALSE,FALSE,FALSE,A,blood,0.8449,0.8367,0.8553,TRUE,A+,,FALSE,2,A+,FALSE
cg21482265,2,113992762,PAX8;PAX8-AS1,-1;-1,2,TRUE,TRUE,TRUE,3,0.937662337662338,0.927272727272727,0.957142857142857,0.939393939393939,0.942857142857143,0.939393939393939,PAX8;PAX8;PAX8;PAX8;PAX8;LOC440839;LOC654433,5,FALSE,II,TRUE,TRUE,TRUE,TRUE,TRUE,TRUE,A,saliva;blood;buccal,0.7887,0.8221,0.1313,TRUE,A+,0.7324,TRUE,4,A++,TRUE
cg21484985,14,70690525,AL160191.3,-1,1,TRUE,TRUE,TRUE,3,0.936363636363636,0.951515151515151,0.937662337662338,0.818181818181818,0.909090909090909,0.866666666666667,,7,FALSE,I,TRUE,TRUE,TRUE,FALSE,TRUE,TRUE,A,saliva;blood;buccal,0.8897,0.827,0.8462,TRUE,A+,0.7066,TRUE,4,A++,TRUE
cg21540359,7,52341648,AC006459.1,-1,1,TRUE,TRUE,TRUE,3,0.571428571428571,0.709090909090909,0.794805194805195,0.733333333333333,0.688311688311688,0.321212121212121,,2,FALSE,I,FALSE,TRUE,FALSE,FALSE,TRUE,TRUE,A,saliva;buccal,0.5297,0.5172,0.387,TRUE,A+,0.6436,TRUE,4,A++,TRUE
cg21550016,2,113992930,PAX8;PAX8-AS1,-1;-1,2,TRUE,TRUE,TRUE,3,0.935064935064935,0.890909090909091,0.958441558441558,0.951515151515151,0.963636363636364,0.939393939393939,PAX8;PAX8;PAX8;PAX8;PAX8;LOC440839;LOC654433,7,FALSE,I,TRUE,TRUE,TRUE,TRUE,TRUE,TRUE,A,saliva;blood;buccal,0.7912,0.8116,0.6807,TRUE,A+,0.7671,TRUE,4,A++,TRUE
cg21610815,2,113994035,PAX8;PAX8-AS1,-1;-1,2,TRUE,TRUE,TRUE,3,0.687012987012987,0.721212121212121,0.881818181818182,0.781818181818182,0.794805194805195,0.757575757575757,PAX8;PAX8;LOC654433;PAX8;PAX8;PAX8;LOC440839,0,TRUE,I,TRUE,TRUE,TRUE,TRUE,TRUE,TRUE,A,saliva;blood;buccal,0.6923,0.7229,0.4231,TRUE,A+,,FALSE,3,A+,FALSE
cg21717724,9,123604514,CUTALP;PSMD5,-1;-1,2,TRUE,TRUE,TRUE,3,0.928571428571429,0.927272727272727,0.945454545454545,0.939393939393939,0.896103896103896,0.866666666666667,PSMD5;LOC253039,2,FALSE,II,TRUE,TRUE,TRUE,FALSE,FALSE,FALSE,A,saliva;blood,0.8663,0.8292,0.8076,TRUE,A+,0.7505,TRUE,4,A++,TRUE
cg21724239,8,58056113,LINC00588,1,1,TRUE,TRUE,TRUE,3,0.922077922077922,0.781818181818182,0.950649350649351,0.987878787878788,0.906493506493506,0.76969696969697,,5,FALSE,I,FALSE,FALSE,FALSE,FALSE,FALSE,FALSE,B,,0.7926,0.7524,0.6993,TRUE,B,0.6916,TRUE,3,B,TRUE
cg21906852,1,75198582,AC135803.1;CRYZ;TYW3,-1;-1;-1,3,TRUE,TRUE,TRUE,3,0.685714285714286,0.684848484848485,0.622077922077922,0.793939393939394,0.774025974025974,0.745454545454545,TYW3;CRYZ;CRYZ;TYW3;TYW3;CRYZ;CRYZ,9,FALSE,II,FALSE,FALSE,FALSE,FALSE,FALSE,FALSE,B,,0.6022,0.5871,0.5647,TRUE,B,0.3772,FALSE,2,B,TRUE
cg21926612,6,163149169,PACRG,1,1,TRUE,TRUE,TRUE,3,0.653246753246753,0.76969696969697,0.846753246753247,0.721212121212121,0.541558441558442,0.878787878787879,PACRG;PACRG;PACRG;PACRG;PARK2;PARK2;PARK2,10,FALSE,II,FALSE,FALSE,FALSE,FALSE,FALSE,FALSE,B,,0.7747,0.7319,0.6105,TRUE,B,0.5395,TRUE,3,B,TRUE
cg21963583,11,68658836,IGHMBP2;MRPL21,1;-1,2,TRUE,TRUE,TRUE,3,0.636363636363636,0.503030303030303,0.771428571428571,0.527272727272727,0.528571428571429,0.76969696969697,MRPL21;MRPL21,,FALSE,II,TRUE,TRUE,TRUE,FALSE,FALSE,FALSE,A,saliva;blood,0.6229,0.6399,-0.1031,TRUE,A+,,FALSE,3,A+,FALSE
cg21994712,19,21861136,AC010615.2;AC123912.1;AC123912.4;LINC00664;ZNF208,-1;-1;-1;-1;-1,5,TRUE,TRUE,TRUE,3,0.867532467532467,0.866666666666667,0.887012987012987,0.672727272727273,0.898701298701299,0.660606060606061,,2,FALSE,I,FALSE,FALSE,FALSE,FALSE,FALSE,FALSE,B,,0.7093,0.6903,0.5606,TRUE,B,0.5878,TRUE,3,B,TRUE
cg22153463,1,85462885,MCOLN2;MCOLN3,-1;-1,2,TRUE,TRUE,TRUE,3,0.635064935064935,0.939393939393939,0.753246753246753,0.987878787878788,0.741558441558442,0.915151515151515,MCOLN2,6,FALSE,I,FALSE,FALSE,TRUE,FALSE,TRUE,TRUE,A,blood;buccal,0.5496,0.505,0.6172,TRUE,A+,0.1488,FALSE,2,A+,TRUE
cg22331349,19,52391350,ZNF577,-1,1,TRUE,TRUE,TRUE,3,0.593506493506494,0.6,0.757142857142857,0.684848484848485,0.590909090909091,0.806060606060606,ZNF577;ZNF577;ZNF577,12,FALSE,II,FALSE,FALSE,FALSE,FALSE,FALSE,FALSE,B,,0.317,0.3535,0.3755,FALSE,B,0.4588,FALSE,1,B,TRUE
cg22535103,8,58192502,LINC00588,-1,1,TRUE,TRUE,TRUE,3,0.751948051948052,0.733333333333333,0.871428571428571,0.866666666666667,0.901298701298701,0.76969696969697,C8orf71,,FALSE,I,FALSE,FALSE,TRUE,TRUE,FALSE,FALSE,A,blood,0.6255,0.5604,0.5991,TRUE,A+,0.68,TRUE,3,A++,TRUE
cg22654677,17,4612450,ALOX15,-1,1,TRUE,TRUE,TRUE,3,0.607792207792208,0.563636363636364,0.724675324675325,0.503030303030303,0.71038961038961,0.418181818181818,ARRB2;ARRB2,,FALSE,I,FALSE,FALSE,TRUE,FALSE,FALSE,FALSE,A,blood,0.818,0.8213,0.5497,TRUE,A+,,FALSE,2,A+,FALSE
cg22676075,6,135203613,ALDH8A1,-1,1,TRUE,TRUE,TRUE,3,0.742857142857143,0.745454545454545,0.842857142857143,0.793939393939394,0.754545454545455,0.648484848484848,,0,TRUE,I,TRUE,TRUE,TRUE,FALSE,TRUE,TRUE,A,saliva;blood;buccal,0.8037,0.7668,0.7921,TRUE,A+,0.8279,TRUE,4,A++,TRUE
cg22706458,21,43528949,UMODL1-AS1,-1,1,TRUE,TRUE,TRUE,3,0.823376623376623,0.709090909090909,0.820779220779221,0.878787878787879,0.845454545454545,0.818181818181818,UMODL1;UMODL1;C21orf128,,FALSE,I,TRUE,TRUE,TRUE,FALSE,TRUE,TRUE,A,saliva;blood;buccal,0.8315,0.8054,0.8544,TRUE,A+,,FALSE,3,A+,FALSE
cg22757362,10,43721445,CSGALNACT2,-1,1,TRUE,TRUE,TRUE,3,0.568831168831169,0.939393939393939,0.671428571428571,0.915151515151515,0.877922077922078,0.939393939393939,RASGEF1A,0,TRUE,II,FALSE,FALSE,FALSE,FALSE,FALSE,FALSE,B,,0.7495,0.7365,0.4289,TRUE,B,0.5317,TRUE,3,B,TRUE
cg22785556,7,1081061,C7ORF50,-1,1,TRUE,TRUE,TRUE,3,0.812987012987013,0.915151515151515,0.774025974025974,0.83030303030303,0.824675324675325,0.915151515151515,C7orf50;C7orf50;C7orf50,,FALSE,I,FALSE,FALSE,FALSE,FALSE,FALSE,FALSE,B,,0.7073,0.6754,0.5948,TRUE,B,0.738,TRUE,3,B,TRUE
cg22857025,5,266934,AHRR;SDHA,-1;1,2,TRUE,TRUE,TRUE,3,0.646753246753247,0.818181818181818,0.842857142857143,0.76969696969697,0.683116883116883,0.76969696969697,,,FALSE,I,TRUE,FALSE,TRUE,TRUE,FALSE,FALSE,A,saliva;blood,0.481,0.4757,0.5194,FALSE,A+,0.4019,FALSE,2,A++,TRUE
cg22947402,6,52690013,GSTA1,-1,1,TRUE,TRUE,TRUE,3,0.827272727272727,0.903030303030303,0.87012987012987,0.951515151515151,0.827272727272727,0.939393939393939,,,FALSE,I,FALSE,FALSE,FALSE,FALSE,FALSE,FALSE,B,,0.8555,0.8174,0.8206,TRUE,B,,FALSE,2,B,FALSE
cg23009419,3,46618597,LRRC2,-1,1,TRUE,TRUE,TRUE,3,0.581818181818182,0.745454545454545,0.706493506493507,0.854545454545454,0.820779220779221,0.915151515151515,LRRC2;TDGF1,3,FALSE,II,FALSE,FALSE,FALSE,FALSE,FALSE,FALSE,B,,0.3704,0.3677,0.1932,FALSE,B,0.5034,TRUE,2,B,TRUE
cg23188684,11,67383651,GSTP1,1,1,TRUE,TRUE,TRUE,3,0.731168831168831,0.951515151515151,0.825974025974026,0.963636363636364,0.796103896103896,0.915151515151515,,7,FALSE,I,FALSE,FALSE,FALSE,FALSE,FALSE,FALSE,B,,0.6551,0.6469,0.6169,TRUE,B,0.6542,TRUE,3,B,TRUE
cg23247955,17,48475522,CHAD,1,1,TRUE,TRUE,TRUE,3,0.662337662337662,0.975757575757576,0.683116883116883,0.854545454545454,0.772727272727273,0.878787878787879,LRRC59,7,FALSE,II,FALSE,FALSE,FALSE,FALSE,FALSE,FALSE,B,,0.6008,0.5994,0.5183,TRUE,B,0.5268,TRUE,3,B,TRUE
cg23248424,5,179741104,MAPK9,1,1,TRUE,TRUE,TRUE,3,0.906493506493506,0.939393939393939,0.868831168831169,0.915151515151515,0.911688311688312,0.975757575757576,GFPT2,4,FALSE,II,TRUE,TRUE,TRUE,FALSE,TRUE,TRUE,A,saliva;blood;buccal,0.8606,0.8113,0.8074,TRUE,A+,0.8311,TRUE,4,A++,TRUE
cg23252815,20,44420276,DNTTIP1;WFDC3,1;1,2,TRUE,TRUE,TRUE,3,0.518181818181818,0.866666666666667,0.505194805194805,0.878787878787879,0.57012987012987,0.866666666666667,WFDC3;DNTTIP1,14,FALSE,II,FALSE,FALSE,FALSE,FALSE,FALSE,FALSE,B,,0.5736,0.5629,0.6061,TRUE,B,,FALSE,2,B,FALSE
cg23295999,19,19011222,COPE,1,1,TRUE,TRUE,TRUE,3,0.506493506493506,0.551515151515151,0.74025974025974,0.866666666666667,0.618181818181818,0.696969696969697,COPE;COPE;COPE,1,FALSE,II,FALSE,FALSE,FALSE,FALSE,FALSE,FALSE,B,,0.2744,0.2565,0.2393,FALSE,B,0.1312,FALSE,1,B,TRUE
cg23404435,7,1588396,INTS1,-1,1,TRUE,TRUE,TRUE,3,0.711688311688312,0.866666666666667,0.679220779220779,0.745454545454545,0.645454545454546,0.806060606060606,TMEM184A,3,FALSE,II,FALSE,FALSE,FALSE,FALSE,FALSE,FALSE,B,,0.4871,0.4971,0.3689,FALSE,B,0.064,FALSE,1,B,TRUE
cg23442198,4,187126114,CYP4V2,-1,1,TRUE,TRUE,TRUE,3,0.841558441558442,0.793939393939394,0.822077922077922,0.696969696969697,0.793506493506493,0.672727272727273,CYP4V2,3,FALSE,I,FALSE,TRUE,TRUE,FALSE,TRUE,TRUE,A,saliva;blood;buccal,0.6989,0.6064,0.4724,TRUE,A+,0.6687,TRUE,4,A++,TRUE
cg23497383,2,239140182,HES6,1,1,TRUE,TRUE,TRUE,3,0.503896103896104,0.587878787878788,0.78961038961039,0.733333333333333,0.538961038961039,0.163636363636364,LOC151174;LOC643387;LOC151174,7,FALSE,I,FALSE,FALSE,FALSE,FALSE,FALSE,FALSE,B,,0.5091,0.4375,0.6038,TRUE,B,0.4366,FALSE,2,B,TRUE
cg23583168,7,148888333,ZNF786,-1,1,TRUE,TRUE,TRUE,3,0.927272727272727,0.927272727272727,0.892207792207792,0.903030303030303,0.936363636363636,0.866666666666667,,,FALSE,I,TRUE,TRUE,TRUE,FALSE,FALSE,FALSE,A,saliva;blood,0.8886,0.86,0.8727,TRUE,A+,,FALSE,3,A+,FALSE
cg23719516,2,102870456,IL18R1;IL1RL1,-1;-1,2,TRUE,TRUE,TRUE,3,0.919480519480519,0.83030303030303,0.879220779220779,0.878787878787879,0.897402597402597,0.806060606060606,,,FALSE,II,TRUE,FALSE,TRUE,FALSE,TRUE,TRUE,A,saliva;blood;buccal,0.8331,0.8282,0.7975,TRUE,A+,,FALSE,3,A+,FALSE
cg23758822,17,41437982,LINC00910;NBR2,1;-1,2,TRUE,TRUE,TRUE,3,0.877922077922078,0.939393939393939,0.836363636363636,0.854545454545454,0.894805194805195,0.793939393939394,,5,FALSE,I,TRUE,TRUE,TRUE,FALSE,TRUE,TRUE,A,saliva;blood;buccal,0.8823,0.8671,0.8834,TRUE,A+,0.8458,TRUE,4,A++,TRUE
cg23771949,10,134165390,LRRC27,-1,1,TRUE,TRUE,TRUE,3,0.675324675324675,0.890909090909091,0.616883116883117,0.793939393939394,0.648051948051948,0.781818181818182,LRRC27;LRRC27;LRRC27;LRRC27;LRRC27,3,FALSE,II,TRUE,TRUE,TRUE,FALSE,TRUE,TRUE,A,saliva;blood;buccal,0.5357,0.54,0.5289,TRUE,A+,0.5529,TRUE,4,A++,TRUE
cg23804921,15,30861172,AC127502.1;AC135983.2;GOLGA8H,1;-1;-1,3,TRUE,TRUE,TRUE,3,0.836363636363636,0.866666666666667,0.802597402597403,0.684848484848485,0.867532467532467,0.478787878787879,,,FALSE,II,FALSE,FALSE,FALSE,FALSE,FALSE,FALSE,B,,0.8141,0.6731,0.7526,TRUE,B,,FALSE,2,B,FALSE
cg23855989,12,50355821,AQP5,-1,1,TRUE,TRUE,TRUE,3,0.592207792207792,0.515151515151515,0.623376623376623,0.539393939393939,0.705194805194805,0.83030303030303,AQP5,2,FALSE,II,FALSE,FALSE,FALSE,FALSE,FALSE,FALSE,B,,0.4426,0.4826,0.471,FALSE,B,0.5059,TRUE,2,B,TRUE
cg23876832,11,62092739,ASRGL1,-1,1,TRUE,TRUE,TRUE,3,0.567532467532468,0.806060606060606,0.61038961038961,0.842424242424242,0.61038961038961,0.854545454545454,,0,TRUE,I,FALSE,FALSE,FALSE,FALSE,FALSE,FALSE,B,,0.6623,0.6034,0.5275,TRUE,B,0.4456,FALSE,2,B,TRUE
cg23933602,10,16859644,RSU1,1,1,TRUE,TRUE,TRUE,3,0.903896103896104,0.866666666666667,0.823376623376623,0.939393939393939,0.905194805194805,0.927272727272727,RSU1;RSU1,8,FALSE,I,TRUE,TRUE,TRUE,TRUE,TRUE,TRUE,A,saliva;blood;buccal,0.8228,0.7434,0.808,TRUE,A+,0.6359,TRUE,4,A++,TRUE
cg23982607,1,1823379,CFAP74,-1,1,TRUE,TRUE,TRUE,3,0.550649350649351,0.660606060606061,0.806493506493506,0.612121212121212,0.633766233766234,0.878787878787879,GNB1,4,FALSE,II,TRUE,TRUE,FALSE,TRUE,TRUE,FALSE,A,saliva;blood;buccal,0.596,0.6073,0.0721,TRUE,A+,0.2443,FALSE,3,A+,TRUE
cg23986375,8,144155292,C8ORF31,-1,1,TRUE,TRUE,TRUE,3,0.711688311688312,0.915151515151515,0.923376623376623,0.842424242424242,0.664935064935065,0.83030303030303,,,FALSE,II,TRUE,TRUE,TRUE,TRUE,TRUE,TRUE,A,saliva;blood;buccal,0.6198,0.6059,0.6771,TRUE,A+,0.6002,TRUE,4,A++,TRUE
cg24069376,3,38537580,ACVR2B,1,1,TRUE,TRUE,TRUE,3,0.562337662337662,0.781818181818182,0.687012987012987,0.563636363636364,0.584415584415584,0.903030303030303,EXOG;EXOG,9,FALSE,II,FALSE,FALSE,TRUE,FALSE,FALSE,FALSE,A,blood,0.4361,0.4341,0.3888,FALSE,A+,0.2362,FALSE,1,A+,TRUE
cg24088508,1,38156462,C1ORF109,1,1,TRUE,TRUE,TRUE,3,0.612987012987013,0.842424242424242,0.727272727272727,0.951515151515151,0.716883116883117,0.878787878787879,C1orf109,11,FALSE,II,FALSE,TRUE,TRUE,FALSE,FALSE,TRUE,A,saliva;blood;buccal,0.7277,0.7389,0.7888,TRUE,A+,0.5986,TRUE,4,A++,TRUE
cg24112000,20,60950667,AL121832.2,1,1,TRUE,TRUE,TRUE,3,0.725974025974026,0.890909090909091,0.738961038961039,0.927272727272727,0.679220779220779,0.866666666666667,,0,TRUE,I,FALSE,FALSE,FALSE,FALSE,FALSE,FALSE,B,,0.7579,0.7382,-0.0576,TRUE,B,0.5021,TRUE,3,B,TRUE
cg24114444,5,74062053,GFM2,-1,1,TRUE,TRUE,TRUE,3,0.896103896103896,0.612121212121212,0.935064935064935,0.83030303030303,0.820779220779221,0.854545454545454,NSA2;GFM2;GFM2;GFM2,,FALSE,I,TRUE,TRUE,TRUE,TRUE,TRUE,TRUE,A,saliva;blood;buccal,0.7548,0.7041,0.7476,TRUE,A+,,FALSE,3,A+,FALSE
cg24231558,7,16626326,AC005014.2,-1,1,TRUE,TRUE,TRUE,3,0.751948051948052,0.551515151515151,0.753246753246753,0.818181818181818,0.61038961038961,0.442424242424242,,3,FALSE,I,FALSE,FALSE,FALSE,FALSE,FALSE,FALSE,B,,0.4947,0.431,0.4152,FALSE,B,0.5381,TRUE,2,B,TRUE
cg24307499,19,55494075,AC011476.3;NLRP2,1;1,2,TRUE,TRUE,TRUE,3,0.622077922077922,0.903030303030303,0.557142857142857,0.684848484848485,0.854545454545454,0.806060606060606,NLRP2,2,FALSE,I,FALSE,FALSE,TRUE,FALSE,FALSE,FALSE,A,blood,0.5735,0.5826,0.5819,TRUE,A+,0.4726,FALSE,2,A++,TRUE
cg24372256,21,43528868,UMODL1-AS1,-1,1,TRUE,TRUE,TRUE,3,0.793506493506493,0.781818181818182,0.546753246753247,0.927272727272727,0.545454545454545,0.806060606060606,UMODL1;UMODL1;C21orf128,3,FALSE,II,FALSE,TRUE,TRUE,FALSE,FALSE,FALSE,A,saliva;blood,0.7831,0.759,0.7963,TRUE,A+,0.4394,FALSE,3,A++,TRUE
cg24399337,10,42971251,BX322639.1;CCNYL2;LINC00839,-1;-1;-1,3,TRUE,TRUE,TRUE,3,0.850649350649351,0.563636363636364,0.736363636363636,0.515151515151515,0.835064935064935,0.806060606060606,LOC84856,,FALSE,II,FALSE,FALSE,FALSE,FALSE,FALSE,FALSE,B,,0.627,0.6583,0.5894,TRUE,B,0.5883,TRUE,3,B,TRUE
cg24503407,1,205819492,AC119673.2,1,1,TRUE,TRUE,TRUE,3,0.632467532467533,0.660606060606061,0.727272727272727,0.963636363636364,0.535064935064935,0.757575757575757,PM20D1,9,FALSE,II,FALSE,FALSE,FALSE,FALSE,FALSE,FALSE,B,,0.897,0.8513,0.9057,TRUE,B,0.7067,TRUE,3,B,TRUE
cg24519413,1,26490540,CNKSR1,1,1,TRUE,TRUE,TRUE,3,0.727272727272727,0.709090909090909,0.766233766233766,0.503030303030303,0.875324675324675,0.866666666666667,,,FALSE,II,FALSE,FALSE,FALSE,FALSE,FALSE,FALSE,B,,0.4184,0.3851,0.43,FALSE,B,0.3623,FALSE,1,B,TRUE
cg24524379,3,46600244,LRRC2,1,1,TRUE,TRUE,TRUE,3,0.718181818181818,0.684848484848485,0.545454545454545,0.6,0.696103896103896,0.563636363636364,LRRC2;LRRC2,2,FALSE,I,FALSE,FALSE,FALSE,FALSE,FALSE,FALSE,B,,0.7422,0.739,0.7074,TRUE,B,0.6865,TRUE,3,B,TRUE
cg24527560,10,42863508,BX322639.1;CCNYL2;LINC00839,-1;-1;-1,3,TRUE,TRUE,TRUE,3,0.868831168831169,0.83030303030303,0.798701298701299,0.733333333333333,0.906493506493506,0.878787878787879,LOC441666,3,FALSE,II,FALSE,FALSE,FALSE,FALSE,FALSE,FALSE,B,,0.8023,0.7836,0.7196,TRUE,B,0.7038,TRUE,3,B,TRUE
cg24598948,10,42863539,BX322639.1;CCNYL2;LINC00839,-1;-1;-1,3,TRUE,TRUE,TRUE,3,0.824675324675325,0.781818181818182,0.764935064935065,0.781818181818182,0.833766233766234,0.781818181818182,LOC441666,,FALSE,II,FALSE,FALSE,FALSE,FALSE,FALSE,FALSE,B,,0.8084,0.7974,0.7404,TRUE,B,0.7552,TRUE,3,B,TRUE
cg24637308,11,6592297,AC084337.1;RRP8,1;-1,2,TRUE,TRUE,TRUE,3,0.905194805194805,0.76969696969697,0.837662337662338,0.696969696969697,0.822077922077922,0.393939393939394,DNHD1,,FALSE,I,FALSE,TRUE,FALSE,FALSE,FALSE,FALSE,A,saliva,0.7839,0.7805,0.6543,TRUE,A+,,FALSE,3,A+,FALSE
cg24690094,11,67383802,GSTP1,1,1,TRUE,TRUE,TRUE,3,0.714285714285714,0.915151515151515,0.788311688311688,0.878787878787879,0.774025974025974,0.927272727272727,,7,FALSE,I,FALSE,FALSE,FALSE,FALSE,FALSE,FALSE,B,,0.6678,0.6385,0.6983,TRUE,B,0.5939,TRUE,3,B,TRUE
cg24693760,1,167509918,CREG1,-1,1,TRUE,TRUE,TRUE,3,0.772727272727273,0.648484848484848,0.918181818181818,0.818181818181818,0.677922077922078,0.745454545454545,,0,TRUE,II,TRUE,TRUE,TRUE,TRUE,TRUE,TRUE,A,saliva;blood;buccal,0.7152,0.7106,0.7684,TRUE,A+,,FALSE,3,A+,FALSE
cg24714864,10,42863550,BX322639.1;CCNYL2;LINC00839,-1;-1;-1,3,TRUE,TRUE,TRUE,3,0.814285714285714,0.83030303030303,0.674025974025974,0.515151515151515,0.890909090909091,0.624242424242424,LOC441666,,FALSE,II,FALSE,FALSE,FALSE,FALSE,FALSE,FALSE,B,,0.7507,0.7707,0.692,TRUE,B,0.6502,TRUE,3,B,TRUE
cg24794857,4,187113578,CYP4V2;FAM149A;KLKB1,-1;-1;-1,3,TRUE,TRUE,TRUE,3,0.564935064935065,0.915151515151515,0.758441558441558,0.721212121212121,0.754545454545455,0.636363636363636,CYP4V2,1,FALSE,II,TRUE,TRUE,TRUE,FALSE,TRUE,TRUE,A,saliva;blood;buccal,0.7191,0.7216,0.0292,TRUE,A+,0.329,FALSE,3,A++,TRUE
cg24829409,8,58192753,LINC00588,-1,1,TRUE,TRUE,TRUE,3,0.905194805194805,0.806060606060606,0.907792207792208,0.818181818181818,0.915584415584416,0.709090909090909,C8orf71,3,FALSE,I,FALSE,FALSE,FALSE,FALSE,FALSE,FALSE,B,,0.5905,0.4967,0.4619,TRUE,B,0.701,TRUE,3,B,TRUE
cg24846343,22,24311635,AC253536.6;AP000350.2;AP000350.6;AP000351.10;DDT;DDTL;GSTT1;GSTT2;GSTT2B;KB-226F1.1;MIF-AS1,-1;1;1;1;1;-1;1;-1;-1;1;1,11,TRUE,TRUE,TRUE,3,0.805194805194805,0.503030303030303,0.819480519480519,0.842424242424242,0.736363636363636,0.672727272727273,DDTL,0,TRUE,II,TRUE,TRUE,TRUE,TRUE,TRUE,TRUE,A,saliva;blood;buccal,0.7849,0.7391,0.6868,TRUE,A+,,FALSE,3,A+,FALSE
cg24920358,1,40204285,PPIE,1,1,TRUE,TRUE,TRUE,3,0.771428571428571,0.854545454545454,0.727272727272727,0.757575757575757,0.781818181818182,0.866666666666667,PPIE;PPIE;PPIE,7,FALSE,II,FALSE,FALSE,FALSE,FALSE,FALSE,FALSE,B,,0.6008,0.6106,0.541,TRUE,B,0.4843,FALSE,2,B,TRUE
cg24976563,14,24587638,PCK2,-1,1,TRUE,TRUE,TRUE,3,0.775324675324675,0.83030303030303,0.801298701298701,0.939393939393939,0.833766233766234,0.745454545454545,DCAF11;DCAF11;DCAF11;DCAF11;DCAF11,,FALSE,I,TRUE,TRUE,TRUE,TRUE,TRUE,TRUE,A,saliva;blood;buccal,0.7858,0.7621,0.7974,TRUE,A+,,FALSE,3,A+,FALSE
cg25243455,2,114033360,PAX8;PAX8-AS1,1;1,2,TRUE,TRUE,TRUE,3,0.523376623376623,0.624242424242424,0.571428571428571,0.76969696969697,0.788311688311688,0.672727272727273,PAX8;PAX8;PAX8;PAX8;PAX8;LOC440839,3,FALSE,I,FALSE,FALSE,FALSE,FALSE,FALSE,FALSE,B,,0.4143,0.5014,0.0003,FALSE,B,0.5462,TRUE,2,B,TRUE
cg25288140,17,41278341,NBR2,-1,1,TRUE,TRUE,TRUE,3,0.549350649350649,0.927272727272727,0.755844155844156,0.866666666666667,0.74025974025974,0.866666666666667,BRCA1;NBR2;BRCA1;BRCA1;BRCA1;BRCA1,11,FALSE,I,FALSE,FALSE,FALSE,FALSE,TRUE,TRUE,A,buccal,0.5229,0.5162,0.3766,TRUE,A+,0.5624,TRUE,3,A++,TRUE
cg25301532,20,43378953,AL118522.1,-1,1,TRUE,TRUE,TRUE,3,0.841558441558442,0.903030303030303,0.901298701298701,1,0.793506493506493,0.903030303030303,KCNK15,3,FALSE,I,TRUE,TRUE,TRUE,TRUE,FALSE,FALSE,A,saliva;blood,0.8466,0.8227,0.783,TRUE,A+,0.7389,TRUE,4,A++,TRUE
cg25343040,19,7542105,PEX11G,1,1,TRUE,TRUE,TRUE,3,0.68961038961039,0.854545454545454,0.519480519480519,0.709090909090909,0.51038961038961,0.842424242424242,PEX11G,3,FALSE,II,FALSE,FALSE,FALSE,FALSE,FALSE,FALSE,B,,0.4319,0.4523,0.3224,FALSE,B,0.1505,FALSE,1,B,TRUE
cg25351461,15,101094772,AC027020.2;PRKXP1,1;1,2,TRUE,TRUE,TRUE,3,0.624675324675325,0.903030303030303,0.622077922077922,0.83030303030303,0.58961038961039,0.866666666666667,,,FALSE,I,FALSE,FALSE,TRUE,FALSE,FALSE,FALSE,A,blood,0.6607,0.6058,0.6236,TRUE,A+,,FALSE,2,A+,FALSE
cg25498107,15,41100233,CCDC32,1,1,TRUE,TRUE,TRUE,3,0.854545454545454,0.721212121212121,0.841558441558442,0.878787878787879,0.828571428571429,0.721212121212121,DNAJC17;ZFYVE19,5,FALSE,II,FALSE,FALSE,FALSE,FALSE,FALSE,FALSE,B,,0.7429,0.7202,0.6912,TRUE,B,0.7007,TRUE,3,B,TRUE
cg25592907,11,73676012,UCP2,-1,1,TRUE,TRUE,TRUE,3,0.771428571428571,0.733333333333333,0.650649350649351,0.648484848484848,0.78961038961039,0.709090909090909,DNAJB13,4,FALSE,II,FALSE,FALSE,FALSE,FALSE,FALSE,FALSE,B,,0.5629,0.6046,0.4823,TRUE,B,0.4552,FALSE,2,B,TRUE
cg25677688,12,11176386,PRR4;TAS2R43;TAS2R64P,1;-1;-1,3,TRUE,TRUE,TRUE,3,0.911688311688312,0.539393939393939,0.85974025974026,0.915151515151515,0.893506493506493,0.745454545454545,TAS2R19;PRR4;PRH1,1,FALSE,II,FALSE,FALSE,FALSE,FALSE,FALSE,FALSE,B,,0.7813,0.7774,0.7454,TRUE,B,0.7234,TRUE,3,B,TRUE
cg25755428,19,13875111,MRI1,-1,1,TRUE,TRUE,TRUE,3,0.833766233766234,0.842424242424242,0.906493506493506,0.878787878787879,0.928571428571429,0.866666666666667,MRI1;MRI1,8,FALSE,I,TRUE,TRUE,TRUE,TRUE,TRUE,TRUE,A,saliva;blood;buccal,0.9058,0.9065,0.8957,TRUE,A+,0.7823,TRUE,4,A++,TRUE
cg25763306,1,7741216,AL359881.3,-1,1,TRUE,TRUE,TRUE,3,0.718181818181818,0.866666666666667,0.841558441558442,0.793939393939394,0.52987012987013,0.721212121212121,CAMTA1,1,FALSE,II,FALSE,FALSE,TRUE,FALSE,FALSE,FALSE,A,blood,0.7851,0.6898,0.7592,TRUE,A+,0.4385,FALSE,2,A++,TRUE
cg25811766,13,21894605,GRK6P1,1,1,TRUE,TRUE,TRUE,3,0.801298701298701,0.684848484848485,0.8,0.83030303030303,0.78961038961039,0.490909090909091,,2,FALSE,II,TRUE,TRUE,FALSE,FALSE,FALSE,FALSE,A,saliva,0.5573,0.5505,0.6488,TRUE,A+,0.4858,FALSE,3,A++,TRUE
cg25817165,18,72167213,CNDP2,-1,1,TRUE,TRUE,TRUE,3,0.824675324675325,0.684848484848485,0.723376623376623,0.587878787878788,0.854545454545454,0.636363636363636,CNDP2;CNDP2,1,FALSE,II,TRUE,TRUE,TRUE,TRUE,TRUE,TRUE,A,saliva;blood;buccal,0.6909,0.6967,0.3051,TRUE,A+,0.5889,TRUE,4,A++,TRUE
cg25838465,1,92012736,CDC7,1,1,TRUE,TRUE,TRUE,3,0.844155844155844,0.915151515151515,0.883116883116883,0.806060606060606,0.874025974025974,0.866666666666667,,3,FALSE,II,TRUE,TRUE,FALSE,FALSE,TRUE,TRUE,A,saliva;buccal,0.6958,0.6402,0.7669,TRUE,A+,0.7317,TRUE,4,A++,TRUE
cg26138821,11,89956704,AP000648.4;AP002364.1;DISC1FP1,1;-1;-1,3,TRUE,TRUE,TRUE,3,0.728571428571429,0.890909090909091,0.676623376623377,0.939393939393939,0.84025974025974,0.83030303030303,CHORDC1;CHORDC1,13,FALSE,II,TRUE,TRUE,TRUE,FALSE,TRUE,TRUE,A,saliva;blood;buccal,0.7741,0.7935,0.7939,TRUE,A+,0.4131,FALSE,3,A++,TRUE
cg26168224,5,2018326,AC124852.1,-1,1,TRUE,TRUE,TRUE,3,0.827272727272727,0.818181818181818,0.841558441558442,0.781818181818182,0.885714285714286,0.612121212121212,,,FALSE,II,TRUE,TRUE,TRUE,FALSE,TRUE,FALSE,A,saliva;blood;buccal,0.8252,0.8159,0.7932,TRUE,A+,,FALSE,3,A+,FALSE
cg26224354,7,1096374,C7ORF50,-1,1,TRUE,TRUE,TRUE,3,0.657142857142857,0.818181818181818,0.545454545454545,0.76969696969697,0.785714285714286,0.903030303030303,C7orf50;C7orf50;GPR146;C7orf50,,FALSE,I,FALSE,FALSE,FALSE,FALSE,FALSE,FALSE,B,,0.5771,0.6109,0.5408,TRUE,B,0.6655,TRUE,3,B,TRUE
cg26267481,5,33440240,AC034231.1,-1,1,TRUE,TRUE,TRUE,3,0.542857142857143,0.806060606060606,0.776623376623377,0.721212121212121,0.567532467532468,0.406060606060606,TARS,6,FALSE,II,FALSE,FALSE,FALSE,FALSE,FALSE,FALSE,B,,0.7775,0.7728,0.6336,TRUE,B,0.4073,FALSE,2,B,TRUE
cg26272248,8,145163034,GPAA1;WDR97,-1;1,2,TRUE,TRUE,TRUE,3,0.771428571428571,0.709090909090909,0.758441558441558,0.6,0.858441558441558,0.781818181818182,KIAA1875,3,FALSE,II,FALSE,FALSE,FALSE,FALSE,FALSE,FALSE,B,,0.797,0.7944,0.3337,TRUE,B,0.4869,FALSE,2,B,TRUE
cg26354017,1,205819088,AC119673.2,1,1,TRUE,TRUE,TRUE,3,0.858441558441558,0.890909090909091,0.871428571428571,0.878787878787879,0.707792207792208,0.987878787878788,PM20D1,,FALSE,I,FALSE,TRUE,TRUE,FALSE,FALSE,FALSE,A,saliva;blood,0.9491,0.878,0.937,TRUE,A+,,FALSE,3,A+,FALSE
cg26446133,18,72167187,CNDP2,-1,1,TRUE,TRUE,TRUE,3,0.755844155844156,0.745454545454545,0.753246753246753,0.806060606060606,0.537662337662338,0.43030303030303,CNDP2;CNDP2;CNDP2,2,FALSE,II,TRUE,TRUE,TRUE,TRUE,FALSE,FALSE,A,saliva;blood,0.6972,0.7188,0.7691,TRUE,A+,0.7058,TRUE,4,A++,TRUE
cg26513180,16,89883248,SPIRE2,1,1,TRUE,TRUE,TRUE,3,0.667532467532468,0.696969696969697,0.555844155844156,0.878787878787879,0.594805194805195,0.854545454545454,FANCA;FANCA,7,FALSE,I,FALSE,FALSE,FALSE,FALSE,FALSE,FALSE,B,,0.7833,0.6262,0.7554,TRUE,B,0.5232,TRUE,3,B,TRUE
cg26544932,18,77134537,ATP9B,-1,1,TRUE,TRUE,TRUE,3,0.901298701298701,0.866666666666667,0.88961038961039,0.963636363636364,0.925974025974026,0.854545454545454,ATP9B,,FALSE,II,TRUE,FALSE,TRUE,FALSE,FALSE,FALSE,A,saliva;blood,0.8019,0.8205,0.8027,TRUE,A+,,FALSE,3,A+,FALSE
cg26665480,2,98280029,AC017099.1;AC159540.1;AC159540.2;ANKRD36B,-1;-1;1;-1,4,TRUE,TRUE,TRUE,3,0.724675324675325,0.903030303030303,0.755844155844156,0.83030303030303,0.802597402597403,0.745454545454545,ACTR1B,3,FALSE,I,TRUE,TRUE,TRUE,FALSE,TRUE,FALSE,A,saliva;blood;buccal,0.7973,0.7741,0.7997,TRUE,A+,0.6897,TRUE,4,A++,TRUE
cg26677194,12,130822605,PIWIL1,-1,1,TRUE,TRUE,TRUE,3,0.716883116883117,0.890909090909091,0.761038961038961,0.721212121212121,0.875324675324675,0.672727272727273,PIWIL1,7,FALSE,I,FALSE,FALSE,FALSE,FALSE,FALSE,FALSE,B,,0.7474,0.6549,0.7132,TRUE,B,0.6938,TRUE,3,B,TRUE
cg26748794,16,88804051,AC138028.1;AC138028.2,1;1,2,TRUE,TRUE,TRUE,3,0.851948051948052,0.903030303030303,0.848051948051948,0.793939393939394,0.807792207792208,0.842424242424242,FAM38A,4,FALSE,I,FALSE,FALSE,TRUE,FALSE,FALSE,FALSE,A,blood,0.8323,0.8264,0.6722,TRUE,A+,0.5307,TRUE,3,A++,TRUE
cg26855724,1,75198818,AC135803.1;CRYZ;TYW3,-1;-1;-1,3,TRUE,TRUE,TRUE,3,0.807792207792208,0.927272727272727,0.696103896103896,0.709090909090909,0.724675324675325,0.745454545454545,TYW3;CRYZ;TYW3;CRYZ;CRYZ;CRYZ;TYW3;CRYZ;CRYZ;CRYZ;CRYZ,13,FALSE,II,FALSE,FALSE,FALSE,FALSE,FALSE,FALSE,B,,0.569,0.5387,0.5931,TRUE,B,0.3164,FALSE,2,B,TRUE
cg26924012,15,45694286,AC051619.2;AC051619.4;SLC28A2;SPATA5L1,-1;-1;-1;1,4,TRUE,TRUE,TRUE,3,0.761038961038961,0.575757575757576,0.892207792207792,0.515151515151515,0.892207792207792,0.0181818181818182,SPATA5L1;SPATA5L1,11,FALSE,II,TRUE,TRUE,TRUE,TRUE,TRUE,TRUE,A,saliva;blood;buccal,0.7314,0.7203,0.6674,TRUE,A+,0.4733,FALSE,3,A++,TRUE
cg27080085,10,42971011,BX322639.1;CCNYL2;LINC00839,-1;-1;-1,3,TRUE,TRUE,TRUE,3,0.801298701298701,0.612121212121212,0.758441558441558,0.575757575757576,0.724675324675325,0.76969696969697,LOC84856,4,FALSE,II,FALSE,FALSE,FALSE,FALSE,FALSE,FALSE,B,,0.63,0.625,0.4297,TRUE,B,0.4459,FALSE,2,B,TRUE
cg27084952,16,980146,AL031008.1;LMF1,-1;-1,2,TRUE,TRUE,TRUE,3,0.866233766233766,0.684848484848485,0.916883116883117,0.83030303030303,0.933766233766234,0.636363636363636,LMF1,,FALSE,II,TRUE,TRUE,TRUE,FALSE,TRUE,TRUE,A,saliva;blood;buccal,0.824,0.8265,0.8067,TRUE,A+,0.8043,TRUE,4,A++,TRUE
cg27098804,11,60776124,CD6,-1,1,TRUE,TRUE,TRUE,3,0.518181818181818,0.503030303030303,0.775324675324675,0.612121212121212,0.598701298701299,0.903030303030303,CD6,4,FALSE,II,FALSE,FALSE,FALSE,FALSE,FALSE,FALSE,B,,0.5498,0.4535,0.4827,TRUE,B,0.437,FALSE,2,B,TRUE
cg27119456,10,42863173,BX322639.1;LINC00839,-1;-1,2,TRUE,TRUE,TRUE,3,0.816883116883117,0.878787878787879,0.78961038961039,0.575757575757576,0.925974025974026,0.818181818181818,LOC441666,5,FALSE,I,FALSE,FALSE,FALSE,FALSE,FALSE,FALSE,B,,0.7977,0.7909,0.6747,TRUE,B,0.7283,TRUE,3,B,TRUE
cg27144592,16,783916,CIAO3,1,1,TRUE,TRUE,TRUE,3,0.723376623376623,0.854545454545454,0.827272727272727,0.806060606060606,0.894805194805195,0.878787878787879,NARFL,2,FALSE,II,FALSE,FALSE,FALSE,FALSE,FALSE,FALSE,B,,0.7487,0.7206,0.6381,TRUE,B,0.6079,TRUE,3,B,TRUE
cg27524531,16,711706,PIGQ;RAB40C;WFIKKN1,1;-1;-1,3,TRUE,TRUE,TRUE,3,0.824675324675325,0.83030303030303,0.790909090909091,0.757575757575757,0.836363636363636,0.733333333333333,WDR90,3,FALSE,II,FALSE,FALSE,FALSE,FALSE,FALSE,FALSE,B,,0.6012,0.5752,-0.1932,TRUE,B,,FALSE,2,B,FALSE
cg00056497,10,134785521,CFAP46;LINC01168,-1;1,2,TRUE,TRUE,FALSE,2,0.585714285714286,0.672727272727273,0.772727272727273,0.781818181818182,0.416883116883117,0.806060606060606,,0,TRUE,II,FALSE,FALSE,FALSE,FALSE,FALSE,FALSE,B,,0.4464,0.4318,0.1009,FALSE,B,0.3189,FALSE,1,B,TRUE
cg00071950,4,10020882,SLC2A9,-1,1,TRUE,FALSE,TRUE,2,0.537662337662338,0.721212121212121,0.697402597402597,0.272727272727273,0.5,0.393939393939394,SLC2A9;SLC2A9,3,FALSE,II,FALSE,FALSE,TRUE,FALSE,FALSE,FALSE,B,,0.6862,0.6121,0.5856,TRUE,B,0.4089,FALSE,2,B,TRUE
cg00101154,16,420108,PGAP6,1,1,TRUE,TRUE,FALSE,2,0.567532467532468,0.878787878787879,0.885714285714286,0.939393939393939,0.28961038961039,0.793939393939394,MRPL28,7,FALSE,II,FALSE,FALSE,TRUE,FALSE,FALSE,FALSE,A,blood,0.8568,0.8651,0.6561,TRUE,A+,0.5776,TRUE,3,A++,TRUE
cg00155535,12,132671473,LINC02361,1,1,FALSE,TRUE,TRUE,2,0.515584415584416,0.2,0.875324675324675,0.781818181818182,0.753246753246753,0.466666666666667,,4,FALSE,II,FALSE,FALSE,FALSE,FALSE,FALSE,FALSE,B,,0.619,0.6293,0.2885,TRUE,B,0.4966,FALSE,2,B,TRUE
cg00270625,22,51017019,CHKB;CHKB-DT;CPT1B,1;-1;1,3,FALSE,TRUE,TRUE,2,0.379220779220779,0.503030303030303,0.533766233766234,0.515151515151515,0.592207792207792,0.709090909090909,CPT1B;CPT1B;CPT1B;CPT1B;CHKB-CPT1B;CPT1B;CPT1B;CPT1B;CPT1B;CPT1B;CPT1B;CPT1B,12,FALSE,I,FALSE,FALSE,FALSE,FALSE,FALSE,FALSE,B,,0.3997,0.3636,-0.1735,FALSE,B,0.16,FALSE,1,B,TRUE
cg00280220,17,61926910,FTSJ3,1,1,TRUE,FALSE,TRUE,2,0.5,0.660606060606061,0.371428571428571,0.466666666666667,0.72987012987013,0.806060606060606,,5,FALSE,II,FALSE,FALSE,FALSE,FALSE,FALSE,FALSE,B,,0.4313,0.3985,0.4082,FALSE,B,0.3101,FALSE,1,B,TRUE
cg00325661,8,49890786,EFCAB1,-1,1,FALSE,TRUE,TRUE,2,0.625974025974026,0.43030303030303,0.601298701298701,0.587878787878788,0.823376623376623,0.0424242424242424,,4,FALSE,I,FALSE,FALSE,FALSE,FALSE,FALSE,FALSE,B,,0.4721,0.4392,0.5533,FALSE,B,0.3106,FALSE,1,B,TRUE
cg00343986,7,65444356,AC006001.2,-1,1,TRUE,FALSE,TRUE,2,0.605194805194805,0.648484848484848,0.809090909090909,-0.127272727272727,0.690909090909091,-0.442424242424242,GUSB,,FALSE,II,FALSE,FALSE,FALSE,FALSE,FALSE,FALSE,B,,0.1592,0.1713,0.3466,FALSE,B,0.0202,FALSE,1,B,TRUE
cg00475140,10,91404454,KIF20B;LINC00865,1;-1,2,FALSE,TRUE,TRUE,2,0.45974025974026,0.587878787878788,0.627272727272727,0.806060606060606,0.625974025974026,0.539393939393939,PANK1;PANK1;PANK1,3,FALSE,II,TRUE,FALSE,TRUE,FALSE,TRUE,FALSE,A,blood;buccal,0.2221,0.2757,0.1126,FALSE,A,0.1589,FALSE,2,A,TRUE
cg00584026,4,942342,DGKQ,1,1,TRUE,FALSE,TRUE,2,0.564935064935065,0.503030303030303,0.374025974025974,0.721212121212121,0.502597402597403,0.563636363636364,TMEM175,6,FALSE,I,FALSE,FALSE,FALSE,FALSE,FALSE,FALSE,B,,-0.0966,-0.149,-0.2366,FALSE,B,0.0555,FALSE,1,B,TRUE
cg00596184,16,69350052,COG8;VPS4A,-1;-1,2,TRUE,FALSE,TRUE,2,0.594805194805195,0.551515151515151,0.641558441558442,0.236363636363636,0.518181818181818,0.672727272727273,VPS4A,,FALSE,II,FALSE,FALSE,FALSE,FALSE,FALSE,FALSE,B,,0.7242,0.735,0.7133,TRUE,B,0.3997,FALSE,2,B,TRUE
cg00750606,1,20899121,CDA,-1,1,TRUE,FALSE,TRUE,2,0.507792207792208,0.587878787878788,0.0116883116883117,0.6,0.507792207792208,0.757575757575757,,0,TRUE,II,FALSE,FALSE,FALSE,FALSE,FALSE,FALSE,B,,0.4512,0.3991,0.3303,FALSE,B,0.3779,FALSE,1,B,TRUE
cg00771483,15,101097656,AC027020.2;PRKXP1,1;1,2,FALSE,TRUE,TRUE,2,0.375324675324675,0.539393939393939,0.525974025974026,0.806060606060606,0.520779220779221,0.757575757575757,,,FALSE,II,FALSE,FALSE,TRUE,FALSE,FALSE,FALSE,A,blood,0.617,0.5399,0.575,TRUE,A+,,FALSE,2,A+,FALSE
cg00815214,21,47717953,PCNT;YBEY,-1;1,2,TRUE,FALSE,TRUE,2,0.636363636363636,0.575757575757576,0.366233766233766,0.636363636363636,0.822077922077922,0.527272727272727,,3,FALSE,II,FALSE,FALSE,TRUE,FALSE,TRUE,TRUE,A,buccal,0.3522,0.5038,0.2273,FALSE,A+,0.3353,FALSE,1,A++,TRUE
cg00933542,6,150070202,AL355312.1;AL355312.2;LATS1;ULBP2,1;1;1;1,4,FALSE,TRUE,TRUE,2,0.492207792207792,0.939393939393939,0.658441558441558,0.745454545454545,0.692207792207792,0.757575757575757,PCMT1,4,FALSE,II,FALSE,FALSE,FALSE,FALSE,FALSE,FALSE,B,,0.5698,0.5604,0.471,TRUE,B,0.4593,FALSE,2,B,TRUE
cg01135259,11,1674211,KRTAP5-AS1,-1,1,TRUE,TRUE,FALSE,2,0.633766233766234,0.575757575757576,0.735064935064935,0.939393939393939,0.442857142857143,0.721212121212121,HCCA2,6,FALSE,I,TRUE,TRUE,TRUE,TRUE,TRUE,TRUE,A,saliva;blood,0.6923,0.7114,0.7923,TRUE,A+,0.7108,TRUE,4,A++,TRUE
cg01310397,3,195490033,SDHAP1,1,1,TRUE,FALSE,TRUE,2,0.77012987012987,0.793939393939394,0.814285714285714,0.36969696969697,0.8,0.6,MUC4;MUC4;MUC4,7,FALSE,II,TRUE,TRUE,TRUE,FALSE,FALSE,FALSE,A,saliva,0.7901,0.733,0.7329,TRUE,A+,0.6041,TRUE,4,A++,TRUE
cg01394167,4,9479622,AC108519.1,1,1,TRUE,FALSE,TRUE,2,0.790909090909091,0.587878787878788,0.705194805194805,0.43030303030303,0.785714285714286,0.818181818181818,,,FALSE,II,TRUE,TRUE,TRUE,FALSE,TRUE,TRUE,A,saliva;buccal,0.7337,0.6727,0.6817,TRUE,A+,,FALSE,3,A+,FALSE
cg01472464,2,3383078,TRAPPC12,-1,1,FALSE,TRUE,TRUE,2,0.484415584415584,0.757575757575757,0.532467532467532,0.757575757575757,0.754545454545455,0.733333333333333,TTC15;TSSC1,6,FALSE,II,FALSE,FALSE,FALSE,FALSE,FALSE,FALSE,B,,0.4084,0.4184,0.4044,FALSE,B,0.4219,FALSE,1,B,TRUE
cg01570938,3,195431866,MUC20;MUC20P1,1;-1,2,FALSE,TRUE,TRUE,2,0.438961038961039,0.466666666666667,0.527272727272727,0.842424242424242,0.68961038961039,0.309090909090909,,1,FALSE,II,FALSE,FALSE,FALSE,FALSE,FALSE,FALSE,B,,0.2424,0.2372,0.2135,FALSE,B,0.0032,FALSE,1,B,TRUE
cg01611548,16,1420537,CCDC154,-1,1,FALSE,TRUE,TRUE,2,0.432467532467532,0.866666666666667,0.796103896103896,0.793939393939394,0.666233766233766,0.696969696969697,UNKL,4,FALSE,II,FALSE,FALSE,FALSE,FALSE,FALSE,FALSE,B,,0.4523,0.3866,0.4025,FALSE,B,0.4804,FALSE,1,B,TRUE
cg01741372,11,783889,AP006621.2;AP006621.3;AP006621.5;GATD1,1;1;1;1,4,TRUE,TRUE,FALSE,2,0.574025974025974,0.721212121212121,0.876623376623377,0.915151515151515,0.351948051948052,0.83030303030303,,1,FALSE,II,FALSE,FALSE,TRUE,FALSE,FALSE,FALSE,A,blood,0.857,0.8465,0.4992,TRUE,A+,0.5619,TRUE,3,A++,TRUE
cg01745370,2,109065127,GCC2;LIMS1;RGPD4,1;1;1,3,FALSE,TRUE,TRUE,2,0.649350649350649,0.478787878787879,0.697402597402597,0.660606060606061,0.638961038961039,0.503030303030303,GCC2;GCC2,9,FALSE,II,FALSE,FALSE,FALSE,FALSE,FALSE,FALSE,B,,0.5755,0.6003,0.4733,TRUE,B,0.2116,FALSE,2,B,TRUE
cg01757745,10,134755601,CFAP46,-1,1,FALSE,TRUE,TRUE,2,0.425974025974026,0.866666666666667,0.744155844155844,0.696969696969697,0.622077922077922,0.624242424242424,C10orf93,3,FALSE,II,FALSE,FALSE,FALSE,FALSE,FALSE,FALSE,B,,0.4466,0.4051,0.2682,FALSE,B,0.4024,FALSE,1,B,TRUE
cg01786048,2,239035964,ESPNL,-1,1,TRUE,TRUE,FALSE,2,0.505194805194805,0.660606060606061,0.735064935064935,0.781818181818182,0.448051948051948,0.878787878787879,ESPNL,2,FALSE,II,FALSE,FALSE,FALSE,FALSE,FALSE,FALSE,B,,0.5176,0.4597,-0.0688,TRUE,B,0.1516,FALSE,2,B,TRUE
cg01797371,3,195578240,AC233280.1;AC233280.2;MUC20P1;RP11-141C7.4;SDHAP2,-1;-1;-1;-1;-1,5,FALSE,TRUE,TRUE,2,0.442857142857143,0.163636363636364,0.754545454545455,0.587878787878788,0.557142857142857,0.539393939393939,,7,FALSE,I,FALSE,FALSE,FALSE,FALSE,FALSE,FALSE,B,,0.7257,0.5782,0.7839,TRUE,B,0.4095,FALSE,2,B,TRUE
cg01807862,5,54521833,CCNO,1,1,FALSE,TRUE,TRUE,2,0.593506493506494,0.224242424242424,0.693506493506494,0.721212121212121,0.54025974025974,0.103030303030303,,0,TRUE,II,FALSE,TRUE,TRUE,FALSE,FALSE,FALSE,A,blood,0.4966,0.4659,0.0527,FALSE,A+,0.2669,FALSE,2,A+,TRUE
cg01831904,17,28903510,AC127024.2;AC127024.8;CRLF3;LRRC37BP1;SUZ12P1,1;1;1;1;1,5,FALSE,TRUE,TRUE,2,0.683116883116883,0.406060606060606,0.685714285714286,0.624242424242424,0.828571428571429,0.733333333333333,LRRC37B2,2,FALSE,II,TRUE,TRUE,TRUE,FALSE,TRUE,TRUE,A,blood;buccal,0.273,0.2316,0.3288,FALSE,A,0.398,FALSE,2,A,TRUE
cg01892567,7,156760930,NOM1,-1,1,FALSE,TRUE,TRUE,2,0.458441558441558,0.321212121212121,0.64025974025974,0.527272727272727,0.732467532467532,-0.333333333333333,NOM1,3,FALSE,I,FALSE,FALSE,FALSE,FALSE,FALSE,FALSE,B,,0.5926,0.571,0.4191,TRUE,B,0.4574,FALSE,2,B,TRUE
cg01959123,15,65197576,ANKDD1A,-1,1,TRUE,FALSE,TRUE,2,0.527272727272727,0.612121212121212,0.331168831168831,-0.0909090909090909,0.811688311688312,-0.175757575757576,,4,FALSE,II,FALSE,FALSE,FALSE,FALSE,FALSE,FALSE,B,,0.4949,0.5059,0.3526,FALSE,B,0.2445,FALSE,1,B,TRUE
cg02012338,4,187126139,CYP4V2,-1,1,TRUE,FALSE,TRUE,2,0.766233766233766,0.672727272727273,0.836363636363636,0.454545454545455,0.772727272727273,0.709090909090909,CYP4V2,3,FALSE,II,FALSE,FALSE,TRUE,FALSE,FALSE,TRUE,A,buccal,0.6111,0.5336,0.2846,TRUE,A+,0.5678,TRUE,3,A++,TRUE
cg02021288,16,11435867,RMI2,1,1,TRUE,FALSE,TRUE,2,0.577922077922078,0.624242424242424,0.335064935064935,0.187878787878788,0.587012987012987,-0.127272727272727,,0,TRUE,II,FALSE,FALSE,FALSE,FALSE,FALSE,FALSE,B,,0.1294,0.2465,0.0267,FALSE,B,0.135,FALSE,1,B,TRUE
cg02082929,2,109068933,GCC2;RGPD4,1;1,2,FALSE,TRUE,TRUE,2,0.544155844155844,0.163636363636364,0.720779220779221,0.757575757575757,0.65974025974026,-0.103030303030303,GCC2;GCC2,,FALSE,II,FALSE,FALSE,FALSE,FALSE,FALSE,FALSE,B,,0.5667,0.5906,-0.0235,TRUE,B,0.055,FALSE,2,B,TRUE
cg02117656,17,79614917,TSPAN10,1,1,FALSE,TRUE,TRUE,2,0.344155844155844,0.381818181818182,0.684415584415584,0.709090909090909,0.627272727272727,0.442424242424242,TSPAN10,,FALSE,II,FALSE,FALSE,FALSE,FALSE,FALSE,FALSE,B,,0.4236,0.4081,-0.3425,FALSE,B,,FALSE,1,B,FALSE
cg02162534,10,133956875,JAKMIP3,-1,1,TRUE,FALSE,TRUE,2,0.505194805194805,0.612121212121212,0.472727272727273,0.793939393939394,0.528571428571429,0.866666666666667,JAKMIP3,,FALSE,I,FALSE,FALSE,FALSE,FALSE,FALSE,FALSE,B,,0.4589,0.4207,-0.0606,FALSE,B,0.4215,FALSE,1,B,TRUE
cg02219949,17,45927392,SCRN2,-1,1,TRUE,TRUE,FALSE,2,0.720779220779221,0.587878787878788,0.87012987012987,0.539393939393939,-0.0246753246753247,0.745454545454545,SP6,,FALSE,II,FALSE,FALSE,FALSE,FALSE,FALSE,FALSE,B,,0.7536,0.7638,0.013,TRUE,B,0.3137,FALSE,2,B,TRUE
cg02224795,8,143363873,TSNARE1,-1,1,TRUE,FALSE,TRUE,2,0.514285714285714,0.539393939393939,0.385714285714286,0.0181818181818182,0.645454545454546,0.284848484848485,TSNARE1,,FALSE,II,FALSE,FALSE,FALSE,FALSE,FALSE,FALSE,B,,0.172,0.212,0.1032,FALSE,B,,FALSE,1,B,FALSE
cg02254462,19,15905011,CYP4F24P;OR10H5,1;-1,2,TRUE,FALSE,TRUE,2,0.628571428571429,0.83030303030303,0.490909090909091,0.636363636363636,0.796103896103896,0.490909090909091,OR10H5,,FALSE,II,TRUE,TRUE,TRUE,FALSE,TRUE,TRUE,A,saliva;buccal,0.3338,0.3664,0.0744,FALSE,A+,,FALSE,2,A+,FALSE
cg02276073,15,101098900,AC027020.2;PRKXP1,1;1,2,TRUE,TRUE,FALSE,2,0.511688311688312,0.878787878787879,0.566233766233766,0.915151515151515,-0.0220779220779221,0.793939393939394,,4,FALSE,II,TRUE,FALSE,FALSE,FALSE,FALSE,FALSE,A,saliva,0.2937,0.2795,0.4489,FALSE,A,0.2093,FALSE,2,A,TRUE
cg02463440,8,22132932,PIWIL2,-1,1,TRUE,FALSE,TRUE,2,0.84025974025974,0.660606060606061,0.81038961038961,0.393939393939394,0.906493506493506,0.745454545454545,PIWIL2;PIWIL2,12,FALSE,I,FALSE,FALSE,TRUE,FALSE,FALSE,FALSE,B,,0.5599,0.5139,0.5187,TRUE,B,,FALSE,2,B,FALSE
cg02475777,4,1388615,SPON2,-1,1,FALSE,TRUE,TRUE,2,0.8,0.490909090909091,0.881818181818182,0.696969696969697,0.838961038961039,0.333333333333333,CRIPAK,,FALSE,II,FALSE,FALSE,FALSE,FALSE,FALSE,FALSE,B,,0.3811,0.3399,0.2341,FALSE,B,,FALSE,1,B,FALSE
cg02560085,5,140220810,PCDHA9,1,1,FALSE,TRUE,TRUE,2,0.441558441558442,0.648484848484848,0.642857142857143,0.539393939393939,0.511688311688312,0.515151515151515,PCDHA6;PCDHA2;PCDHA1;PCDHA8;PCDHA7;PCDHA1;PCDHA6;PCDHA5;PCDHA8;PCDHA3;PCDHA4,7,FALSE,II,FALSE,FALSE,TRUE,FALSE,FALSE,FALSE,A,blood,0.5466,0.5231,0.4563,TRUE,A+,0.3153,FALSE,2,A++,TRUE
cg02617791,10,27235627,FAM238C,-1,1,TRUE,FALSE,TRUE,2,0.527272727272727,0.563636363636364,0.280519480519481,0.236363636363636,0.54025974025974,-0.212121212121212,,,FALSE,II,FALSE,FALSE,FALSE,FALSE,TRUE,FALSE,A,buccal,0.4385,0.3769,0.4853,FALSE,A+,0.4687,FALSE,1,A++,TRUE
cg02754945,1,152161885,FLG;FLG-AS1,-1;-1,2,FALSE,TRUE,TRUE,2,0.496103896103896,-0.127272727272727,0.722077922077922,0.709090909090909,0.55974025974026,-0.163636363636364,,5,FALSE,II,FALSE,FALSE,TRUE,TRUE,FALSE,TRUE,A,blood;buccal,0.6768,0.6518,0.6756,TRUE,A+,0.3079,FALSE,2,A++,TRUE
cg02788857,8,22132959,PIWIL2,-1,1,FALSE,TRUE,TRUE,2,0.768831168831169,0.478787878787879,0.602597402597403,0.612121212121212,0.867532467532467,0.539393939393939,PIWIL2;PIWIL2,,FALSE,I,FALSE,FALSE,TRUE,FALSE,FALSE,FALSE,A,blood,0.54,0.5248,0.5031,TRUE,A+,,FALSE,2,A+,FALSE
cg02794779,13,100150711,LINC01232,-1,1,TRUE,TRUE,FALSE,2,0.532467532467532,0.612121212121212,0.525974025974026,0.721212121212121,0.428571428571429,0.915151515151515,,3,FALSE,II,FALSE,TRUE,FALSE,FALSE,FALSE,FALSE,A,saliva,0.5792,0.5629,0.4276,TRUE,A+,0.3116,FALSE,3,A++,TRUE
cg02807482,3,125708958,AC092903.1;ALG1L;ROPN1B,-1;-1;-1,3,TRUE,FALSE,TRUE,2,0.566233766233766,0.757575757575757,0.64025974025974,0.345454545454545,0.749350649350649,0.503030303030303,,2,FALSE,II,FALSE,FALSE,FALSE,FALSE,FALSE,FALSE,B,,0.6936,0.641,0.7122,TRUE,B,0.6148,TRUE,3,B,TRUE
cg02941923,16,1005077,AL031008.1;LMF1,-1;-1,2,FALSE,TRUE,TRUE,2,-0.194805194805195,0.866666666666667,0.754545454545455,0.745454545454545,0.633766233766234,0.672727272727273,LMF1,,FALSE,II,FALSE,FALSE,TRUE,FALSE,TRUE,TRUE,A,blood;buccal,0.4044,0.3169,0.3852,FALSE,A+,,FALSE,1,A+,FALSE
cg03242668,16,86556405,AC009108.3,-1,1,FALSE,TRUE,TRUE,2,0.496103896103896,0.503030303030303,0.509090909090909,0.806060606060606,0.718181818181818,0.187878787878788,,,FALSE,I,TRUE,TRUE,TRUE,FALSE,TRUE,TRUE,A,blood;buccal,0.6171,0.6202,0.5354,TRUE,A+,,FALSE,3,A+,FALSE
cg03418659,16,31128414,KAT8,-1,1,FALSE,TRUE,TRUE,2,0.727272727272727,0.454545454545455,0.715584415584416,0.551515151515151,0.703896103896104,0.575757575757576,MYST1;MYST1,7,FALSE,II,FALSE,FALSE,FALSE,FALSE,FALSE,FALSE,B,,0.3987,0.3992,0.2313,FALSE,B,0.3338,FALSE,1,B,TRUE
cg03513464,1,58898672,OMA1,1,1,FALSE,TRUE,TRUE,2,0.415584415584416,0.939393939393939,0.596103896103896,0.854545454545454,0.516883116883117,0.866666666666667,,2,FALSE,II,FALSE,FALSE,FALSE,FALSE,FALSE,FALSE,B,,0.7492,0.6422,0.7876,TRUE,B,0.5467,TRUE,3,B,TRUE
cg03579179,7,12444095,VWDE,-1,1,TRUE,TRUE,FALSE,2,0.627272727272727,0.745454545454545,0.616883116883117,0.806060606060606,0.431168831168831,0.648484848484848,VWDE,8,FALSE,II,FALSE,FALSE,FALSE,FALSE,FALSE,FALSE,B,,0.5928,0.5766,0.3431,TRUE,B,0.3046,FALSE,2,B,TRUE
cg03680517,10,43632967,CSGALNACT2,-1,1,FALSE,TRUE,TRUE,2,0.418181818181818,0.878787878787879,0.636363636363636,0.878787878787879,0.553246753246753,0.696969696969697,CSGALNACT2,3,FALSE,II,FALSE,FALSE,TRUE,FALSE,FALSE,FALSE,A,blood,0.694,0.6737,0.298,TRUE,A+,0.2027,FALSE,2,A+,TRUE
cg03689146,7,52341810,AC006459.1,-1,1,FALSE,TRUE,TRUE,2,0.249350649350649,0.648484848484848,0.58961038961039,0.709090909090909,0.661038961038961,0.296969696969697,,,FALSE,I,FALSE,FALSE,FALSE,FALSE,FALSE,FALSE,B,,0.547,0.5371,0.3372,TRUE,B,,FALSE,2,B,FALSE
cg03844060,1,26490628,CNKSR1;TRIM63,1;1,2,TRUE,FALSE,TRUE,2,0.792207792207792,0.721212121212121,0.690909090909091,0.466666666666667,0.737662337662338,0.696969696969697,,1,FALSE,II,TRUE,TRUE,TRUE,FALSE,FALSE,FALSE,A,saliva,0.3687,0.3253,0.4286,FALSE,A+,0.462,FALSE,2,A++,TRUE
cg03877420,5,1004367,NKD2,-1,1,TRUE,TRUE,FALSE,2,0.584415584415584,0.539393939393939,0.78961038961039,0.854545454545454,0.125974025974026,0.6,,5,FALSE,II,FALSE,FALSE,FALSE,FALSE,FALSE,FALSE,B,,0.6094,0.5545,0.3054,TRUE,B,0.2233,FALSE,2,B,TRUE
cg03880033,16,55866757,CES1,-1,1,TRUE,FALSE,TRUE,2,0.633766233766234,0.684848484848485,0.851948051948052,0.490909090909091,0.890909090909091,0.721212121212121,CES1;CES1;CES1,2,FALSE,II,FALSE,FALSE,FALSE,FALSE,FALSE,FALSE,B,,0.8687,0.8203,0.7496,TRUE,B,0.7001,TRUE,3,B,TRUE
cg03916490,7,1080558,C7ORF50,-1,1,FALSE,TRUE,TRUE,2,0.466233766233766,0.878787878787879,0.757142857142857,0.757575757575757,0.718181818181818,0.709090909090909,C7orf50;C7orf50;C7orf50,0,TRUE,I,FALSE,FALSE,FALSE,FALSE,FALSE,FALSE,B,,0.534,0.6394,0.5653,TRUE,B,,FALSE,2,B,FALSE
cg04044224,2,238499793,RAB17,1,1,FALSE,TRUE,TRUE,2,0.683116883116883,0.272727272727273,0.576623376623377,0.83030303030303,0.612987012987013,-0.0787878787878788,RAB17,8,FALSE,II,FALSE,FALSE,TRUE,FALSE,FALSE,FALSE,A,blood,0.5716,0.5922,0.1961,TRUE,A+,-0.0216,FALSE,2,A+,TRUE
cg04083430,16,4736063,MGRN1,-1,1,TRUE,FALSE,TRUE,2,0.571428571428571,0.587878787878788,0.564935064935065,0.187878787878788,0.728571428571429,0.515151515151515,MGRN1;MGRN1;MGRN1;MGRN1,2,FALSE,II,TRUE,TRUE,FALSE,FALSE,FALSE,FALSE,A,saliva,0.7097,0.6966,0.7297,TRUE,A+,0.6849,TRUE,4,A++,TRUE
cg04287289,16,89883240,FANCA;SPIRE2,1;1,2,FALSE,TRUE,TRUE,2,0.703896103896104,0.0787878787878788,0.592207792207792,0.733333333333333,0.764935064935065,-0.127272727272727,FANCA;FANCA,7,FALSE,I,FALSE,FALSE,TRUE,FALSE,FALSE,FALSE,A,blood,0.5567,0.4158,0.6146,TRUE,A+,0.6655,TRUE,3,A++,TRUE
cg04352272,17,3289798,OR3A2,-1,1,TRUE,FALSE,TRUE,2,0.653246753246753,0.624242424242424,0.47012987012987,0.733333333333333,0.779220779220779,0.381818181818182,,7,FALSE,I,FALSE,FALSE,FALSE,FALSE,FALSE,FALSE,B,,0.5192,0.4886,0.2705,TRUE,B,,FALSE,2,B,FALSE
cg04359915,10,101825029,CWF19L1,-1,1,TRUE,FALSE,TRUE,2,0.620779220779221,0.551515151515151,0.524675324675325,0.454545454545455,0.75974025974026,0.903030303030303,CPN1,4,FALSE,II,FALSE,FALSE,FALSE,FALSE,FALSE,FALSE,B,,0.5379,0.4639,0.5066,TRUE,B,0.4058,FALSE,2,B,TRUE
cg04425270,3,195771712,MUC20;SDHAP1;SMBD1P,-1;-1;-1,3,TRUE,FALSE,TRUE,2,0.585714285714286,0.515151515151515,0.542857142857143,0.0787878787878788,0.783116883116883,-0.0424242424242424,,,FALSE,II,FALSE,FALSE,FALSE,FALSE,TRUE,FALSE,A,buccal,-0.1208,-0.1404,0.0654,FALSE,A,0.1404,FALSE,1,A,TRUE
cg04586622,2,25135609,ADCY3,-1,1,FALSE,TRUE,TRUE,2,0.525974025974026,-0.139393939393939,0.680519480519481,0.563636363636364,0.71038961038961,0.393939393939394,ADCY3,1,FALSE,II,FALSE,FALSE,FALSE,FALSE,FALSE,FALSE,B,,0.5243,0.5701,0.5788,TRUE,B,0.3989,FALSE,2,B,TRUE
cg04632378,13,21900426,GRK6P1,1,1,TRUE,TRUE,FALSE,2,0.57012987012987,0.745454545454545,0.718181818181818,0.903030303030303,0.344155844155844,0.890909090909091,,,FALSE,II,FALSE,FALSE,FALSE,FALSE,FALSE,FALSE,B,,0.5274,0.4921,0.4826,TRUE,B,0.328,FALSE,2,B,TRUE
cg04672903,4,6675309,LINC02482,-1,1,TRUE,FALSE,TRUE,2,0.919480519480519,0.515151515151515,0.793506493506493,0.418181818181818,0.918181818181818,0.515151515151515,LOC93622,8,FALSE,II,TRUE,TRUE,TRUE,FALSE,FALSE,FALSE,A,saliva,0.5422,0.6013,0.5574,TRUE,A+,0.5863,TRUE,4,A++,TRUE
cg04772025,11,68637568,IGHMBP2;MRPL21,1;-1,2,FALSE,TRUE,TRUE,2,0.536363636363636,0.212121212121212,0.54025974025974,0.878787878787879,0.898701298701299,0.406060606060606,,1,FALSE,I,FALSE,FALSE,FALSE,FALSE,FALSE,FALSE,B,,0.5914,0.6222,0.5344,TRUE,B,0.6176,TRUE,3,B,TRUE
cg04899361,7,1597412,INTS1,1,1,TRUE,FALSE,TRUE,2,0.544155844155844,0.624242424242424,0.48961038961039,0.684848484848485,0.649350649350649,0.76969696969697,TMEM184A,3,FALSE,I,TRUE,TRUE,TRUE,TRUE,TRUE,TRUE,A,saliva;buccal,0.7366,0.7043,0.7444,TRUE,A+,,FALSE,3,A+,FALSE
cg05014721,11,118842387,TRAPPC4,-1,1,TRUE,TRUE,FALSE,2,0.632467532467533,0.745454545454545,0.528571428571429,0.854545454545454,0.446753246753247,0.624242424242424,FOXR1,7,FALSE,I,FALSE,FALSE,FALSE,FALSE,TRUE,FALSE,B,,0.4526,0.4366,0.3538,FALSE,B,0.3876,FALSE,1,B,TRUE
cg05072819,3,20081367,EFHB,1,1,TRUE,FALSE,TRUE,2,0.616883116883117,0.624242424242424,0.727272727272727,0.296969696969697,0.68961038961039,0.442424242424242,KAT2B,5,FALSE,I,FALSE,FALSE,FALSE,FALSE,FALSE,FALSE,B,,0.6432,0.5819,0.6364,TRUE,B,,FALSE,2,B,FALSE
cg05156901,22,51016646,CPT1B,1,1,FALSE,TRUE,TRUE,2,0.396103896103896,0.806060606060606,0.557142857142857,0.806060606060606,0.677922077922078,0.842424242424242,CPT1B;CPT1B;CPT1B;CHKB-CPT1B;CPT1B;CPT1B;CPT1B;CPT1B,12,FALSE,I,FALSE,FALSE,FALSE,FALSE,FALSE,FALSE,B,,0.4991,0.4939,0.0304,FALSE,B,0.5652,TRUE,2,B,TRUE
cg05204532,2,8597177,LINC00299,-1,1,TRUE,TRUE,FALSE,2,0.520779220779221,0.612121212121212,0.598701298701299,0.781818181818182,0.457142857142857,0.563636363636364,,4,FALSE,II,FALSE,FALSE,FALSE,FALSE,FALSE,FALSE,B,,0.3695,0.3885,0.0912,FALSE,B,0.4191,FALSE,1,B,TRUE
cg05368731,17,41323189,AC109326.1;AC135721.1;LINC00910;NBR2,1;-1;1;-1,4,FALSE,TRUE,TRUE,2,0.767532467532468,0.406060606060606,0.762337662337662,0.648484848484848,0.901298701298701,0.515151515151515,NBR1;NBR1;NBR1,10,FALSE,II,FALSE,FALSE,TRUE,TRUE,FALSE,FALSE,A,blood,0.7175,0.7448,0.7664,TRUE,A+,0.5752,TRUE,3,A++,TRUE
cg05376982,1,110254692,GSTM5,-1,1,FALSE,TRUE,TRUE,2,0.701298701298701,0.478787878787879,0.885714285714286,0.793939393939394,0.685714285714286,0.709090909090909,GSTM5,,FALSE,II,TRUE,FALSE,TRUE,TRUE,TRUE,FALSE,A,blood;buccal,0.8545,0.8192,0.7811,TRUE,A+,0.5376,TRUE,4,A++,TRUE
cg05490519,16,2908934,AC003965.1;PRSS30P,1;-1,2,TRUE,TRUE,FALSE,2,0.528571428571429,0.76969696969697,0.671428571428571,0.939393939393939,0.250649350649351,0.842424242424242,PRSS22,4,FALSE,II,FALSE,FALSE,FALSE,FALSE,FALSE,FALSE,B,,0.4593,0.4652,0.3655,FALSE,B,0.3456,FALSE,1,B,TRUE
cg05528293,18,74961138,GALR1,-1,1,FALSE,TRUE,TRUE,2,0.337662337662338,0.648484848484848,0.505194805194805,0.624242424242424,0.549350649350649,0.842424242424242,GALR1,14,FALSE,II,FALSE,FALSE,FALSE,FALSE,FALSE,FALSE,B,,0.4411,0.4042,0.2688,FALSE,B,0.4404,FALSE,1,B,TRUE
cg05660106,1,15850417,AGMAT,-1,1,FALSE,TRUE,TRUE,2,0.52987012987013,0.393939393939394,0.755844155844156,0.866666666666667,0.651948051948052,0.393939393939394,CASP9;CASP9,5,FALSE,II,FALSE,FALSE,FALSE,FALSE,FALSE,FALSE,B,,0.4522,0.4736,0.5365,FALSE,B,,FALSE,1,B,FALSE
cg05714579,10,131428358,AL355531.1;MGMT,1;1,2,FALSE,TRUE,TRUE,2,0.584415584415584,0.454545454545455,0.749350649350649,0.709090909090909,0.602597402597403,0.163636363636364,MGMT,2,FALSE,II,FALSE,FALSE,FALSE,FALSE,FALSE,FALSE,B,,0.507,0.4634,0.4855,TRUE,B,0.2125,FALSE,2,B,TRUE
cg05925327,15,68127851,MAP2K5,1,1,FALSE,TRUE,TRUE,2,0.0623376623376623,-0.212121212121212,0.677922077922078,0.587878787878788,0.644155844155844,-0.454545454545455,,3,FALSE,I,FALSE,FALSE,FALSE,FALSE,FALSE,FALSE,B,,0.4437,0.5001,0.292,FALSE,B,0.3337,FALSE,1,B,TRUE
cg06307176,5,131281290,MEIKIN;RAPGEF6,-1;-1,2,FALSE,TRUE,TRUE,2,0.414285714285714,0.624242424242424,0.727272727272727,0.660606060606061,0.815584415584416,0.636363636363636,,8,FALSE,II,FALSE,FALSE,FALSE,FALSE,FALSE,FALSE,B,,0.1811,0.1329,0.2235,FALSE,B,0.3899,FALSE,1,B,TRUE
cg06452681,4,9355372,AC108519.1,1,1,FALSE,TRUE,TRUE,2,0.561038961038961,0.284848484848485,0.544155844155844,0.636363636363636,0.877922077922078,0.127272727272727,USP17,,FALSE,II,TRUE,FALSE,FALSE,FALSE,FALSE,FALSE,B,,0.5919,0.6885,0.5839,TRUE,B,,FALSE,3,B,FALSE
cg06581938,7,64403228,EEF1DP4,-1,1,TRUE,FALSE,TRUE,2,0.525974025974026,0.733333333333333,0.472727272727273,0.442424242424242,0.522077922077922,0.0666666666666667,,1,FALSE,II,FALSE,FALSE,FALSE,FALSE,FALSE,FALSE,B,,0.3461,0.2679,0.2502,FALSE,B,0.2481,FALSE,1,B,TRUE
cg06582575,6,163149167,PACRG,1,1,TRUE,TRUE,FALSE,2,0.624675324675325,0.76969696969697,0.771428571428571,0.866666666666667,0.358441558441558,0.83030303030303,PACRG;PACRG;PACRG;PACRG;PARK2;PARK2;PARK2,10,FALSE,II,FALSE,FALSE,FALSE,FALSE,FALSE,FALSE,B,,0.7125,0.6893,0.4491,TRUE,B,0.4606,FALSE,2,B,TRUE
cg06647332,5,131281008,MEIKIN;RAPGEF6,-1;-1,2,TRUE,FALSE,TRUE,2,0.5,0.733333333333333,0.546753246753247,0.478787878787879,0.64025974025974,0.284848484848485,,6,FALSE,I,FALSE,FALSE,FALSE,FALSE,FALSE,FALSE,B,,0.3853,0.3561,0.4393,FALSE,B,0.4489,FALSE,1,B,TRUE
cg06739303,10,42863444,BX322639.1,-1,1,TRUE,FALSE,TRUE,2,0.584415584415584,0.757575757575757,0.428571428571429,0.418181818181818,0.65974025974026,0.757575757575757,LOC441666,,FALSE,II,FALSE,FALSE,FALSE,FALSE,FALSE,FALSE,B,,0.7662,0.7663,0.6378,TRUE,B,0.5876,TRUE,3,B,TRUE
cg06791546,2,863938,AC092159.1;LINC01115;LINC01939,-1;-1;-1,3,TRUE,FALSE,TRUE,2,0.661038961038961,0.818181818181818,0.367532467532468,0.76969696969697,0.762337662337662,0.721212121212121,,1,FALSE,II,TRUE,TRUE,FALSE,FALSE,FALSE,FALSE,A,saliva,0.656,0.632,0.668,TRUE,A+,0.7295,TRUE,4,A++,TRUE
cg06837068,10,1602622,ADARB2-AS1,1,1,TRUE,TRUE,FALSE,2,0.549350649350649,0.527272727272727,0.553246753246753,0.684848484848485,0.490909090909091,0.806060606060606,ADARB2,1,FALSE,II,FALSE,FALSE,FALSE,FALSE,FALSE,FALSE,B,,0.4352,0.4247,0.4044,FALSE,B,0.262,FALSE,1,B,TRUE
cg06873352,17,61820015,DDX42;FTSJ3;PSMC5,-1;1;1,3,TRUE,TRUE,FALSE,2,0.628571428571429,0.806060606060606,0.555844155844156,0.915151515151515,0.25974025974026,0.806060606060606,STRADA;STRADA;STRADA;STRADA;STRADA;STRADA,5,FALSE,II,FALSE,FALSE,FALSE,TRUE,TRUE,FALSE,A,blood,0.5646,0.5333,0.5658,TRUE,A+,0.2206,FALSE,2,A+,TRUE
cg06888460,11,18477303,LDHAL6A;LDHC,-1;-1,2,TRUE,FALSE,TRUE,2,0.687012987012987,0.806060606060606,0.587012987012987,0.36969696969697,0.753246753246753,0.733333333333333,LDHAL6A;LDHAL6A,,FALSE,I,FALSE,FALSE,FALSE,FALSE,FALSE,FALSE,B,,0.6846,0.6584,0.6106,TRUE,B,0.5847,TRUE,3,B,TRUE
cg06941159,16,28875210,NPIPB7;SULT1A1;TUFM,-1;-1;1,3,FALSE,TRUE,TRUE,2,0.661038961038961,0.212121212121212,0.831168831168831,0.587878787878788,0.783116883116883,0.757575757575757,SH2B1;SH2B1;SH2B1;SH2B1;SH2B1;SH2B1;SH2B1;SH2B1,12,FALSE,I,TRUE,TRUE,FALSE,FALSE,TRUE,FALSE,A,buccal,0.6579,0.6583,0.7037,TRUE,A+,0.4135,FALSE,3,A++,TRUE
cg07012739,14,71606506,PCNX1,-1,1,FALSE,TRUE,TRUE,2,0.354545454545455,0.842424242424242,0.57012987012987,0.551515151515151,0.655844155844156,0.284848484848485,,1,FALSE,I,FALSE,FALSE,FALSE,FALSE,FALSE,FALSE,B,,0.3207,0.3618,0.2788,FALSE,B,0.1329,FALSE,1,B,TRUE
cg07044276,1,246859889,AL591848.1,-1,1,FALSE,TRUE,TRUE,2,0.168831168831169,0.224242424242424,0.564935064935065,0.793939393939394,0.623376623376623,0.309090909090909,,3,FALSE,II,FALSE,FALSE,FALSE,FALSE,FALSE,FALSE,B,,0.6415,0.6465,0.3897,TRUE,B,0.5437,TRUE,3,B,TRUE
cg07072475,14,90850234,AL512791.2,-1,1,TRUE,FALSE,TRUE,2,0.502597402597403,0.781818181818182,0.492207792207792,0.793939393939394,0.724675324675325,0.806060606060606,,2,FALSE,II,TRUE,TRUE,TRUE,TRUE,FALSE,FALSE,A,saliva,0.3262,0.3136,0.268,FALSE,A+,,FALSE,2,A+,FALSE
cg07153511,16,967377,LMF1,1,1,FALSE,TRUE,TRUE,2,0.305194805194805,0.648484848484848,0.520779220779221,0.806060606060606,0.68961038961039,0.890909090909091,LMF1,,FALSE,II,FALSE,FALSE,FALSE,FALSE,FALSE,FALSE,B,,0.3817,0.3962,0.4648,FALSE,B,,FALSE,1,B,FALSE
cg07185983,6,139012860,AL590617.2,-1,1,TRUE,TRUE,FALSE,2,0.792207792207792,0.781818181818182,0.849350649350649,0.648484848484848,0.35974025974026,0.866666666666667,,5,FALSE,II,FALSE,FALSE,FALSE,FALSE,FALSE,FALSE,B,,0.8336,0.8329,0.7802,TRUE,B,0.4014,FALSE,2,B,TRUE
cg07293736,12,132670858,LINC02361,1,1,FALSE,TRUE,TRUE,2,0.527272727272727,0.260606060606061,0.758441558441558,0.709090909090909,0.772727272727273,0.612121212121212,,5,FALSE,II,FALSE,FALSE,FALSE,FALSE,FALSE,FALSE,B,,0.5606,0.5527,0.4008,TRUE,B,0.3731,FALSE,2,B,TRUE
cg07323141,2,239140169,HES6,1,1,FALSE,TRUE,TRUE,2,0.627272727272727,0.321212121212121,0.818181818181818,0.624242424242424,0.55974025974026,0.333333333333333,LOC151174;LOC643387;LOC151174,7,FALSE,I,FALSE,FALSE,FALSE,FALSE,FALSE,FALSE,B,,0.5114,0.4016,0.4692,TRUE,B,0.4896,FALSE,2,B,TRUE
cg07399417,1,75198768,AC135803.1;CRYZ;TYW3,-1;-1;-1,3,FALSE,TRUE,TRUE,2,0.683116883116883,0.478787878787879,0.590909090909091,0.854545454545454,0.772727272727273,0.333333333333333,TYW3;CRYZ;TYW3;CRYZ;CRYZ;CRYZ;TYW3;CRYZ;CRYZ;CRYZ;CRYZ,13,FALSE,I,TRUE,TRUE,FALSE,FALSE,FALSE,FALSE,B,,0.5864,0.5926,0.5635,TRUE,B,0.3941,FALSE,3,B,TRUE
cg07455279,19,54605703,TFPT,-1,1,TRUE,FALSE,TRUE,2,0.666233766233766,0.6,0.580519480519481,0.442424242424242,0.698701298701299,0.806060606060606,NDUFA3,7,FALSE,II,FALSE,FALSE,FALSE,FALSE,FALSE,FALSE,B,,0.5634,0.5609,0.4595,TRUE,B,0.3809,FALSE,2,B,TRUE
cg07581883,3,125676865,AC092903.1;ALG1L;ROPN1B,-1;-1;-1,3,TRUE,TRUE,FALSE,2,0.57012987012987,0.733333333333333,0.864935064935065,0.854545454545454,0.496103896103896,0.757575757575757,,1,FALSE,II,FALSE,FALSE,FALSE,FALSE,FALSE,FALSE,B,,0.6799,0.6818,0.4902,TRUE,B,0.5865,TRUE,3,B,TRUE
cg07599136,5,415885,EXOC3,1,1,TRUE,TRUE,FALSE,2,0.561038961038961,0.842424242424242,0.728571428571429,0.636363636363636,0.154545454545455,0.866666666666667,AHRR,0,TRUE,II,TRUE,TRUE,TRUE,FALSE,FALSE,TRUE,A,saliva;blood,0.6904,0.6691,0.3782,TRUE,A+,0.5192,TRUE,4,A++,TRUE
cg07604616,6,42927504,GNMT;PEX6,1;-1,2,FALSE,TRUE,TRUE,2,0.568831168831169,0.43030303030303,0.693506493506494,0.842424242424242,0.642857142857143,0.260606060606061,GNMT,7,FALSE,II,TRUE,TRUE,TRUE,TRUE,FALSE,FALSE,A,blood,0.7477,0.6745,0.733,TRUE,A+,0.5813,TRUE,4,A++,TRUE
cg07624650,19,37064219,ZNF529-AS1,1,1,TRUE,FALSE,TRUE,2,0.746753246753247,0.793939393939394,0.644155844155844,0.490909090909091,0.67012987012987,0.551515151515151,ZNF529;ZNF529;ZNF529,14,FALSE,I,TRUE,TRUE,TRUE,TRUE,TRUE,FALSE,A,saliva;buccal,0.7111,0.7369,0.7589,TRUE,A+,0.6551,TRUE,4,A++,TRUE
cg07633119,10,93509667,TNKS2-AS1,1,1,FALSE,TRUE,TRUE,2,0.863636363636364,0.36969696969697,0.858441558441558,0.927272727272727,0.924675324675325,0.406060606060606,,,FALSE,II,FALSE,FALSE,TRUE,FALSE,FALSE,FALSE,A,blood,0.8084,0.808,0.7739,TRUE,A+,,FALSE,2,A+,FALSE
cg07636037,3,49044803,NCKIPSD;WDR6,1;-1,2,TRUE,TRUE,FALSE,2,0.702597402597403,0.83030303030303,0.788311688311688,0.842424242424242,0.361038961038961,0.672727272727273,WDR6,15,FALSE,I,FALSE,FALSE,FALSE,FALSE,FALSE,FALSE,B,,0.5322,0.5307,0.234,TRUE,B,0.4654,FALSE,2,B,TRUE
cg07758904,9,115652824,SLC46A2,-1,1,TRUE,FALSE,TRUE,2,0.677922077922078,0.503030303030303,0.72987012987013,0.0787878787878788,0.876623376623377,0.236363636363636,SLC46A2,6,FALSE,II,FALSE,FALSE,FALSE,FALSE,FALSE,FALSE,B,,0.492,0.496,0.42,FALSE,B,0.5822,TRUE,2,B,TRUE
cg07850274,4,110748770,GAR1;RRH,1;1,2,TRUE,FALSE,TRUE,2,0.588311688311688,0.612121212121212,0.468831168831169,-0.00606060606060606,0.7,0.139393939393939,RRH,4,FALSE,II,FALSE,FALSE,FALSE,FALSE,FALSE,FALSE,B,,0.3575,0.3591,0.1803,FALSE,B,0.3616,FALSE,1,B,TRUE
cg07869795,22,45809375,RIBC2,-1,1,FALSE,TRUE,TRUE,2,0.606493506493507,0.466666666666667,0.587012987012987,0.503030303030303,0.601298701298701,0.43030303030303,SMC1B;RIBC2,10,FALSE,II,FALSE,FALSE,FALSE,FALSE,FALSE,FALSE,B,,0.4606,0.4388,0.3052,FALSE,B,0.248,FALSE,1,B,TRUE
cg07915343,11,18477680,LDHAL6A,-1,1,FALSE,TRUE,TRUE,2,0.498701298701299,0.83030303030303,0.548051948051948,0.806060606060606,0.725974025974026,0.793939393939394,LDHAL6A;LDHAL6A;LDHAL6A,5,FALSE,II,FALSE,FALSE,FALSE,FALSE,FALSE,FALSE,B,,0.6402,0.5872,0.5732,TRUE,B,0.3253,FALSE,2,B,TRUE
cg07973591,15,78911824,CHRNA5;HYKK,1;-1,2,TRUE,FALSE,TRUE,2,0.641558441558442,0.684848484848485,0.516883116883117,0.309090909090909,0.606493506493507,0.127272727272727,CHRNA3;CHRNA3,1,FALSE,I,FALSE,FALSE,FALSE,FALSE,FALSE,FALSE,B,,0.3272,0.2903,0.3539,FALSE,B,0.1689,FALSE,1,B,TRUE
cg07980830,8,145063362,PLEC,-1,1,FALSE,TRUE,TRUE,2,0.422077922077922,0.854545454545454,0.572727272727273,0.672727272727273,0.502597402597403,0.818181818181818,GRINA;GRINA,4,FALSE,II,FALSE,FALSE,FALSE,FALSE,FALSE,FALSE,B,,0.554,0.5646,0.8024,TRUE,B,0.5837,TRUE,3,B,TRUE
cg08090557,17,7464088,AC016876.1,-1,1,FALSE,TRUE,TRUE,2,0.353246753246753,0.612121212121212,0.52987012987013,0.587878787878788,0.554545454545455,0.357575757575757,TNFSF13;TNFSF13;TNFSF12-TNFSF13;SENP3;TNFSF13,2,FALSE,II,FALSE,FALSE,FALSE,FALSE,FALSE,FALSE,B,,0.2194,0.1904,0.3943,FALSE,B,0.2946,FALSE,1,B,TRUE
cg08133631,1,26527909,CNKSR1,1,1,TRUE,FALSE,TRUE,2,0.751948051948052,0.515151515151515,0.823376623376623,0.43030303030303,0.679220779220779,0.357575757575757,CATSPER4,2,FALSE,I,FALSE,FALSE,FALSE,FALSE,FALSE,FALSE,B,,0.8516,0.8333,0.6878,TRUE,B,0.5866,TRUE,3,B,TRUE
cg08195484,1,93544724,CCDC18-AS1,1,1,TRUE,FALSE,TRUE,2,0.532467532467532,0.757575757575757,0.368831168831169,0.842424242424242,0.545454545454545,0.6,MTF2;MTF2;MTF2;MTF2,10,FALSE,II,FALSE,FALSE,FALSE,FALSE,FALSE,FALSE,B,,0.2417,0.3146,0.2295,FALSE,B,,FALSE,1,B,FALSE
cg08240778,11,1643787,KRTAP5-AS1,1,1,TRUE,FALSE,TRUE,2,0.51038961038961,0.587878787878788,0.679220779220779,0.248484848484848,0.549350649350649,0.478787878787879,HCCA2;KRTAP5-4,2,FALSE,II,FALSE,FALSE,FALSE,FALSE,FALSE,FALSE,B,,0.2752,0.2776,0.2573,FALSE,B,0.2076,FALSE,1,B,TRUE
cg08418111,11,18433745,LDHAL6A;LDHC,-1;-1,2,FALSE,TRUE,TRUE,2,0.568831168831169,0.442424242424242,0.707792207792208,0.793939393939394,0.545454545454545,0.551515151515151,LDHC;LDHC,7,FALSE,II,FALSE,FALSE,FALSE,FALSE,FALSE,FALSE,B,,0.4689,0.4954,0.3372,FALSE,B,0.5851,TRUE,2,B,TRUE
cg08453205,5,179588440,RASGEF1C,-1,1,TRUE,TRUE,FALSE,2,0.507792207792208,0.842424242424242,0.606493506493507,0.575757575757576,0.392207792207792,0.83030303030303,RASGEF1C,3,FALSE,II,FALSE,FALSE,FALSE,FALSE,FALSE,FALSE,B,,0.5878,0.5432,0.1812,TRUE,B,0.4892,FALSE,2,B,TRUE
cg08475827,2,152266230,RIF1,1,1,FALSE,TRUE,TRUE,2,0.484415584415584,0.224242424242424,0.574025974025974,0.515151515151515,0.514285714285714,0.442424242424242,RIF1,8,FALSE,II,FALSE,FALSE,FALSE,FALSE,FALSE,FALSE,B,,0.521,0.4591,0.2479,TRUE,B,0.221,FALSE,2,B,TRUE
cg08489410,3,10329245,GHRLOS;LINC00852;TATDN2,1;1;1,3,FALSE,TRUE,TRUE,2,0.750649350649351,0.321212121212121,0.77012987012987,0.83030303030303,0.806493506493506,0.236363636363636,GHRL;GHRL;GHRL;GHRL;GHRL;GHRL;GHRLOS;GHRL;GHRLOS;GHRLOS;GHRL;GHRL;GHRL;GHRL;GHRL;GHRLOS,0,TRUE,II,FALSE,FALSE,FALSE,FALSE,FALSE,FALSE,B,,0.7845,0.7777,0.4359,TRUE,B,0.5965,TRUE,3,B,TRUE
cg08662619,6,150070041,AL355312.2;LATS1,1;1,2,TRUE,TRUE,FALSE,2,0.549350649350649,0.854545454545454,0.503896103896104,0.721212121212121,0.294805194805195,0.696969696969697,PCMT1,4,FALSE,II,FALSE,FALSE,FALSE,FALSE,FALSE,FALSE,B,,0.2021,0.1738,0.16,FALSE,B,0.1858,FALSE,1,B,TRUE
cg08729755,7,1586256,INTS1,-1,1,TRUE,TRUE,FALSE,2,0.616883116883117,0.915151515151515,0.58961038961039,0.818181818181818,0.458441558441558,0.709090909090909,TMEM184A,5,FALSE,II,FALSE,FALSE,FALSE,FALSE,FALSE,FALSE,B,,0.4201,0.4121,0.1267,FALSE,B,0.2593,FALSE,1,B,TRUE
cg08861456,1,248100276,CLK3P2;OR2AK2;OR2L13;OR2L1P;OR2L2;OR2L3;OR2L5;OR2L6P;OR2L8;OR2L9P;OR2M1P;OR2M2;OR2M3;OR2M4;OR2T32P;OR2X1P,-1;-1;-1;-1;-1;-1;-1;-1;-1;-1;-1;-1;-1;-1;-1;-1,16,TRUE,FALSE,TRUE,2,0.823376623376623,0.551515151515151,0.877922077922078,0.442424242424242,0.822077922077922,0.903030303030303,OR2L13,9,FALSE,II,FALSE,FALSE,FALSE,FALSE,FALSE,FALSE,B,,0.87,0.8574,0.8739,TRUE,B,0.7096,TRUE,3,B,TRUE
cg08946332,17,6899888,AC040977.1;ALOX12-AS1,1;1,2,TRUE,FALSE,TRUE,2,0.593506493506494,0.539393939393939,0.620779220779221,0.296969696969697,0.735064935064935,0.236363636363636,ALOX12,8,FALSE,II,FALSE,FALSE,FALSE,FALSE,FALSE,FALSE,B,,0.0711,0.094,-0.0681,FALSE,B,0.169,FALSE,1,B,TRUE
cg08948841,4,1244042,MAEA;SPON2;UVSSA,1;-1;-1,3,FALSE,TRUE,TRUE,2,0.618181818181818,0.490909090909091,0.707792207792208,0.587878787878788,0.748051948051948,0.648484848484848,CTBP1;CTBP1;C4orf42,9,FALSE,II,FALSE,FALSE,FALSE,FALSE,FALSE,FALSE,B,,0.693,0.715,0.4832,TRUE,B,0.6084,TRUE,3,B,TRUE
cg09219402,1,247282458,ZNF124,-1,1,TRUE,TRUE,FALSE,2,0.533766233766234,0.709090909090909,0.68961038961039,0.648484848484848,0.362337662337662,0.745454545454545,,0,TRUE,II,TRUE,FALSE,TRUE,FALSE,FALSE,FALSE,A,saliva;blood,0.617,0.601,0.6013,TRUE,A+,0.388,FALSE,3,A++,TRUE
cg09365446,1,150670422,CTSS;HORMAD1,1;1,2,TRUE,FALSE,TRUE,2,0.77012987012987,0.842424242424242,0.487012987012987,0.612121212121212,0.772727272727273,0.575757575757576,GOLPH3L,3,FALSE,II,TRUE,FALSE,FALSE,FALSE,TRUE,FALSE,A,saliva;buccal,0.3393,0.3318,0.1872,FALSE,A+,0.4775,FALSE,2,A++,TRUE
cg09491104,22,46646882,PKDREJ,1,1,TRUE,FALSE,TRUE,2,0.688311688311688,0.854545454545454,0.464935064935065,0.672727272727273,0.680519480519481,0.709090909090909,C22orf40,4,FALSE,II,FALSE,FALSE,FALSE,FALSE,FALSE,FALSE,B,,0.5117,0.5259,0.6101,TRUE,B,0.3474,FALSE,2,B,TRUE
cg09601159,12,10095997,LINC02470,-1,1,FALSE,TRUE,TRUE,2,0.463636363636364,0.915151515151515,0.681818181818182,0.721212121212121,0.753246753246753,0.684848484848485,,4,FALSE,I,TRUE,FALSE,TRUE,FALSE,TRUE,TRUE,A,blood;buccal,0.4937,0.4266,0.252,FALSE,A+,0.4681,FALSE,2,A++,TRUE
cg09655341,17,79618100,ARL16;CCDC137;TSPAN10,-1;1;1,3,FALSE,TRUE,TRUE,2,0.296103896103896,0.709090909090909,0.584415584415584,0.503030303030303,0.585714285714286,0.503030303030303,PDE6G;PDE6G,1,FALSE,II,FALSE,FALSE,FALSE,FALSE,FALSE,FALSE,B,,0.4345,0.4686,0.22,FALSE,B,0.365,FALSE,1,B,TRUE
cg09704166,2,114031854,PAX8;PAX8-AS1,1;1,2,FALSE,TRUE,TRUE,2,0.65974025974026,0.454545454545455,0.798701298701299,0.696969696969697,0.655844155844156,0.624242424242424,PAX8;PAX8;PAX8;PAX8;PAX8;LOC440839,1,FALSE,II,FALSE,FALSE,FALSE,FALSE,FALSE,FALSE,B,,0.57,0.5567,0.3718,TRUE,B,0.3337,FALSE,2,B,TRUE
cg09745688,16,2908918,AC003965.1;PRSS30P,1;-1,2,TRUE,TRUE,FALSE,2,0.625974025974026,0.781818181818182,0.658441558441558,0.684848484848485,0.31038961038961,0.733333333333333,PRSS22,4,FALSE,II,FALSE,FALSE,FALSE,FALSE,FALSE,FALSE,B,,0.3705,0.3412,0.3651,FALSE,B,0.3201,FALSE,1,B,TRUE
cg09944012,17,80355956,OGFOD3,-1,1,FALSE,TRUE,TRUE,2,-0.163636363636364,0.224242424242424,0.596103896103896,0.854545454545454,0.518181818181818,0.0787878787878788,C17orf101;C17orf101,1,FALSE,I,FALSE,FALSE,FALSE,FALSE,FALSE,FALSE,B,,0.805,0.7879,0.8315,TRUE,B,0.5969,TRUE,3,B,TRUE
cg10197305,4,125112,AC253576.2;ZNF718,-1;1,2,TRUE,TRUE,FALSE,2,0.709090909090909,0.709090909090909,0.757142857142857,0.842424242424242,0.331168831168831,0.951515151515151,ZNF718,1,FALSE,I,FALSE,FALSE,FALSE,FALSE,FALSE,FALSE,B,,0.7039,0.6895,0.5217,TRUE,B,0.4828,FALSE,2,B,TRUE
cg10259518,2,233765616,SNORC,1,1,TRUE,TRUE,FALSE,2,0.637662337662338,0.696969696969697,0.606493506493507,0.648484848484848,0.433766233766234,0.393939393939394,NGEF;NGEF,2,FALSE,II,FALSE,FALSE,FALSE,FALSE,FALSE,FALSE,B,,0.3962,0.3895,-0.1446,FALSE,B,0.2373,FALSE,1,B,TRUE
cg10589385,1,150898437,CTSK;CTSS;HORMAD1,1;1;1,3,FALSE,TRUE,TRUE,2,0.393506493506494,0.83030303030303,0.654545454545455,0.781818181818182,0.532467532467532,0.890909090909091,SETDB1;SETDB1;SETDB1,,FALSE,II,FALSE,FALSE,FALSE,FALSE,FALSE,FALSE,B,,0.5661,0.4667,0.4872,TRUE,B,0.513,TRUE,3,B,TRUE
cg10807101,1,110282274,GSTM2;GSTM3;GSTM5,1;-1;1,3,TRUE,FALSE,TRUE,2,0.603896103896104,0.6,0.284415584415584,0.733333333333333,0.623376623376623,0.660606060606061,GSTM3;GSTM3,2,FALSE,II,FALSE,TRUE,FALSE,FALSE,FALSE,FALSE,A,saliva,0.6714,0.6456,0.7041,TRUE,A+,0.6406,TRUE,4,A++,TRUE
cg10833838,17,61042718,CYB561,1,1,TRUE,FALSE,TRUE,2,0.681818181818182,0.6,0.185714285714286,0.563636363636364,0.755844155844156,0.236363636363636,,4,FALSE,II,FALSE,FALSE,FALSE,FALSE,FALSE,FALSE,B,,0.104,0.1911,0.2461,FALSE,B,0.1037,FALSE,1,B,TRUE
cg11002923,3,49237327,GMPPB;NCKIPSD;WDR6,1;-1;1,3,TRUE,FALSE,TRUE,2,0.505194805194805,0.624242424242424,0.219480519480519,0.43030303030303,0.712987012987013,0.418181818181818,CCDC36;CCDC36,4,FALSE,II,FALSE,FALSE,FALSE,FALSE,FALSE,FALSE,B,,0.1717,0.1524,0.025,FALSE,B,,FALSE,1,B,FALSE
cg11030744,3,10328490,GHRLOS;LINC00852;TATDN2,1;1;1,3,FALSE,TRUE,TRUE,2,0.437662337662338,0.478787878787879,0.638961038961039,0.648484848484848,0.553246753246753,0.684848484848485,GHRL;GHRL;GHRL;GHRL;GHRL;GHRL;GHRLOS;GHRL;GHRLOS;GHRLOS;GHRL;GHRL;GHRL;GHRL;GHRL;GHRLOS,0,TRUE,II,FALSE,FALSE,FALSE,FALSE,FALSE,FALSE,B,,0.8637,0.8614,0.7756,TRUE,B,0.7019,TRUE,3,B,TRUE
cg11050988,7,1952600,AC104129.1,1,1,TRUE,FALSE,TRUE,2,0.531168831168831,0.721212121212121,0.32987012987013,0.806060606060606,0.638961038961039,0.478787878787879,MAD1L1;MAD1L1;MAD1L1,0,TRUE,I,FALSE,FALSE,FALSE,FALSE,FALSE,FALSE,B,,0.3227,0.3689,0.2223,FALSE,B,0.4049,FALSE,1,B,TRUE
cg11309454,1,89459529,GBP3,1,1,TRUE,TRUE,FALSE,2,0.52987012987013,0.806060606060606,0.902597402597403,0.842424242424242,0.248051948051948,0.83030303030303,CCBL2;CCBL2;RBMXL1;RBMXL1,2,FALSE,II,TRUE,TRUE,FALSE,FALSE,FALSE,FALSE,A,saliva,0.8101,0.7543,0.7173,TRUE,A+,0.6178,TRUE,4,A++,TRUE
cg11335335,11,637885,TMEM80,-1,1,FALSE,TRUE,TRUE,2,0.567532467532468,0.406060606060606,0.733766233766234,0.757575757575757,0.674025974025974,0.43030303030303,DRD4,1,FALSE,II,FALSE,FALSE,FALSE,FALSE,FALSE,FALSE,B,,0.6056,0.6599,0.4522,TRUE,B,0.2603,FALSE,2,B,TRUE
cg11539674,7,127291444,SND1,-1,1,TRUE,FALSE,TRUE,2,0.615584415584416,0.575757575757576,0.516883116883117,0.175757575757576,0.846753246753247,0.624242424242424,SND1,3,FALSE,II,FALSE,FALSE,FALSE,FALSE,FALSE,FALSE,B,,0.7072,0.7054,0.8208,TRUE,B,0.5015,TRUE,3,B,TRUE
cg11645453,3,52864694,ITIH4;SERBP1P3;STIMATE,1;1;1,3,TRUE,TRUE,FALSE,2,0.593506493506494,0.757575757575757,0.72987012987013,0.660606060606061,0.479220779220779,0.636363636363636,ITIH4;ITIH4;ITIH4;ITIH4,4,FALSE,II,FALSE,TRUE,TRUE,FALSE,FALSE,FALSE,A,saliva;blood,0.7257,0.6876,0.63,TRUE,A+,0.5017,TRUE,4,A++,TRUE
cg11675881,10,101875138,CWF19L1,1,1,FALSE,TRUE,TRUE,2,0.416883116883117,0.212121212121212,0.506493506493506,0.733333333333333,0.585714285714286,0.2,,3,FALSE,II,FALSE,FALSE,FALSE,FALSE,FALSE,FALSE,B,,0.4142,0.4544,0.2931,FALSE,B,,FALSE,1,B,FALSE
cg11695684,2,233391265,PRSS56,1,1,TRUE,FALSE,TRUE,2,0.584415584415584,0.624242424242424,0.376623376623377,0.296969696969697,0.622077922077922,0.490909090909091,CHRND,4,FALSE,II,FALSE,FALSE,FALSE,FALSE,FALSE,FALSE,B,,0.3347,0.297,0.3047,FALSE,B,0.2922,FALSE,1,B,TRUE
cg11813489,14,105363835,LINC00638,-1,1,FALSE,TRUE,TRUE,2,0.472727272727273,0.624242424242424,0.537662337662338,0.842424242424242,0.649350649350649,0.272727272727273,,1,FALSE,II,FALSE,FALSE,FALSE,FALSE,FALSE,FALSE,B,,0.3027,0.3973,0.3134,FALSE,B,0.3612,FALSE,1,B,TRUE
cg11941060,3,133502564,AC080128.2,-1,1,FALSE,TRUE,TRUE,2,0.568831168831169,0.187878787878788,0.848051948051948,0.527272727272727,0.650649350649351,0.539393939393939,,10,FALSE,I,FALSE,FALSE,FALSE,FALSE,FALSE,FALSE,B,,0.6201,0.5294,0.4309,TRUE,B,0.3953,FALSE,2,B,TRUE
cg11964308,12,54535018,AC023794.4;AC023794.5;FLJ12825,1;1;1,3,FALSE,TRUE,TRUE,2,0.632467532467533,0.309090909090909,0.522077922077922,0.624242424242424,0.6,0.636363636363636,,0,TRUE,I,FALSE,FALSE,FALSE,FALSE,FALSE,FALSE,B,,0.5955,0.5725,-0.0088,TRUE,B,0.3581,FALSE,2,B,TRUE
cg11996741,22,30769389,RNF215,1,1,FALSE,TRUE,TRUE,2,0.466233766233766,-0.236363636363636,0.5,0.660606060606061,0.538961038961039,-0.466666666666667,CCDC157,,FALSE,II,FALSE,FALSE,FALSE,FALSE,FALSE,FALSE,B,,-0.0643,0.023,-0.0603,FALSE,B,0.046,FALSE,1,B,TRUE
cg12118013,3,134031948,AC010207.1,1,1,TRUE,TRUE,FALSE,2,0.523376623376623,0.915151515151515,0.628571428571429,0.757575757575757,0.294805194805195,0.76969696969697,,7,FALSE,I,FALSE,FALSE,FALSE,FALSE,FALSE,FALSE,B,,0.4117,0.3952,0.3598,FALSE,B,0.1562,FALSE,1,B,TRUE
cg12179176,11,130786555,SNX19,-1,1,FALSE,TRUE,TRUE,2,0.492207792207792,0.418181818181818,0.644155844155844,0.745454545454545,0.614285714285714,0.551515151515151,SNX19,7,FALSE,I,TRUE,FALSE,TRUE,TRUE,FALSE,FALSE,A,blood,0.6379,0.6,0.7217,TRUE,A+,0.7102,TRUE,4,A++,TRUE
cg12205435,5,138714322,PROB1,1,1,FALSE,TRUE,TRUE,2,0.446753246753247,0.660606060606061,0.575324675324675,0.733333333333333,0.597402597402597,0.903030303030303,SLC23A1;SLC23A1,6,FALSE,II,FALSE,FALSE,FALSE,FALSE,FALSE,FALSE,B,,0.5015,0.4586,0.4746,TRUE,B,0.398,FALSE,2,B,TRUE
cg12460873,7,141501577,MGAM;PRSS37;TAS2R5;TAS2R6P;WEE2-AS1,-1;-1;-1;-1;1,5,TRUE,FALSE,TRUE,2,0.666233766233766,0.503030303030303,0.680519480519481,0.381818181818182,0.767532467532468,0.406060606060606,,,FALSE,II,TRUE,TRUE,FALSE,FALSE,FALSE,FALSE,A,saliva,0.4979,0.4467,0.3418,FALSE,A+,0.468,FALSE,2,A++,TRUE
cg12494166,4,31998088,LINC02506,-1,1,TRUE,FALSE,TRUE,2,0.512987012987013,0.563636363636364,0.535064935064935,0.36969696969697,0.618181818181818,0.43030303030303,,,FALSE,I,FALSE,FALSE,FALSE,FALSE,FALSE,FALSE,B,,0.6521,0.416,0.4965,TRUE,B,0.5837,TRUE,3,B,TRUE
cg12556325,7,150026731,AC005586.1;LRRC61;REPIN1;ZBED6CL,-1;-1;-1;1,4,TRUE,TRUE,FALSE,2,0.516883116883117,0.648484848484848,0.519480519480519,0.551515151515151,0.171428571428571,0.115151515151515,C7orf29;LRRC61;LRRC61,4,FALSE,II,FALSE,FALSE,FALSE,FALSE,FALSE,FALSE,B,,0.433,0.391,0.36,FALSE,B,-0.1157,FALSE,1,B,TRUE
cg12564175,8,27630986,CCDC25,1,1,TRUE,FALSE,TRUE,2,0.535064935064935,0.672727272727273,0.396103896103896,0.781818181818182,0.654545454545455,0.490909090909091,ESCO2;CCDC25,,FALSE,II,FALSE,FALSE,FALSE,FALSE,FALSE,FALSE,B,,0.5731,0.6108,0.6908,TRUE,B,0.4037,FALSE,2,B,TRUE
cg12586386,11,77299805,AQP11,1,1,FALSE,TRUE,TRUE,2,0.468831168831169,0.696969696969697,0.557142857142857,0.551515151515151,0.505194805194805,0.466666666666667,AQP11,,FALSE,I,FALSE,FALSE,FALSE,FALSE,FALSE,FALSE,B,,0.5188,0.4461,0.5049,TRUE,B,0.5481,TRUE,3,B,TRUE
cg12588880,2,8597159,LINC00299,-1,1,TRUE,TRUE,FALSE,2,0.564935064935065,0.781818181818182,0.846753246753247,0.842424242424242,0.28961038961039,0.781818181818182,,4,FALSE,II,FALSE,FALSE,FALSE,FALSE,FALSE,FALSE,B,,0.3524,0.3728,0.019,FALSE,B,0.3136,FALSE,1,B,TRUE
cg12612445,21,46353573,AL844908.2;AP001505.1;LINC01547,1;-1;1,3,FALSE,TRUE,TRUE,2,0.418181818181818,0.757575757575757,0.597402597402597,0.624242424242424,0.615584415584416,0.539393939393939,C21orf67,0,TRUE,I,FALSE,FALSE,TRUE,FALSE,FALSE,FALSE,A,blood,0.4484,0.4529,0.3694,FALSE,A+,0.2368,FALSE,1,A+,TRUE
cg12648201,2,27665141,SNX17,-1,1,TRUE,TRUE,FALSE,2,0.503896103896104,0.563636363636364,0.549350649350649,0.781818181818182,0.288311688311688,0.854545454545454,KRTCAP3;KRTCAP3,11,FALSE,I,FALSE,FALSE,FALSE,FALSE,FALSE,FALSE,B,,0.5669,0.5479,0.6028,TRUE,B,0.1084,FALSE,2,B,TRUE
cg12856392,7,64126140,ZNF107,1,1,FALSE,TRUE,TRUE,2,0.346753246753247,0.551515151515151,0.741558441558442,0.636363636363636,0.644155844155844,0.806060606060606,ZNF107;ZNF107,0,TRUE,II,FALSE,FALSE,FALSE,FALSE,FALSE,FALSE,B,,0.4772,0.4519,0.2527,FALSE,B,0.3023,FALSE,1,B,TRUE
cg12863693,15,85201151,AC243562.2;CSPG4P11;EFL1P1;GOLGA2P7;GOLGA6L5P,1;-1;1;-1;-1,5,TRUE,TRUE,FALSE,2,0.550649350649351,0.660606060606061,0.85974025974026,0.781818181818182,0.41038961038961,0.684848484848485,NMB;NMB,4,FALSE,I,FALSE,FALSE,FALSE,FALSE,FALSE,FALSE,B,,0.5572,0.4986,0.1502,TRUE,B,0.2615,FALSE,2,B,TRUE
cg12982090,3,42733453,HHATL;HIGD1A,-1;1,2,FALSE,TRUE,TRUE,2,0.249350649350649,0.612121212121212,0.568831168831169,0.648484848484848,0.754545454545455,0.212121212121212,KBTBD5,1,FALSE,II,FALSE,FALSE,FALSE,FALSE,FALSE,FALSE,B,,0.3137,0.3407,0.2603,FALSE,B,0.1123,FALSE,1,B,TRUE
cg13105904,14,24900044,CBLN3;KHNYN,-1;-1,2,TRUE,TRUE,FALSE,2,0.537662337662338,0.709090909090909,0.61038961038961,0.745454545454545,0.392207792207792,0.781818181818182,CBLN3;KHNYN,0,TRUE,II,FALSE,FALSE,FALSE,FALSE,FALSE,FALSE,B,,0.7283,0.7293,0.6249,TRUE,B,0.4216,FALSE,2,B,TRUE
cg13111532,1,1886543,CFAP74,1,1,FALSE,TRUE,TRUE,2,0.349350649350649,0.854545454545454,0.662337662337662,0.903030303030303,0.525974025974026,0.963636363636364,KIAA1751,4,FALSE,I,TRUE,TRUE,TRUE,TRUE,FALSE,TRUE,A,blood;buccal,0.8269,0.7791,0.8481,TRUE,A+,0.5612,TRUE,4,A++,TRUE
cg13153964,7,100026424,MEPCE;PILRA;PILRB;STAG3L5P;ZCWPW1,-1;1;1;1;1,5,FALSE,TRUE,TRUE,2,0.664935064935065,0.393939393939394,0.812987012987013,0.660606060606061,0.806493506493506,0.757575757575757,MEPCE;ZCWPW1,,FALSE,I,FALSE,FALSE,FALSE,FALSE,FALSE,FALSE,B,,0.447,0.4157,0.4889,FALSE,B,,FALSE,1,B,FALSE
cg13221458,6,160112632,MRPL18,-1,1,FALSE,TRUE,TRUE,2,0.551948051948052,0.272727272727273,0.853246753246753,0.745454545454545,0.623376623376623,0.175757575757576,SOD2;SOD2;SOD2,2,FALSE,II,FALSE,FALSE,FALSE,FALSE,FALSE,FALSE,B,,0.5299,0.5475,0.2602,TRUE,B,0.4124,FALSE,2,B,TRUE
cg13421338,9,136181621,SURF1,1,1,TRUE,FALSE,TRUE,2,0.733766233766234,0.76969696969697,0.741558441558442,0.236363636363636,0.792207792207792,0.551515151515151,,,FALSE,II,FALSE,FALSE,FALSE,FALSE,FALSE,FALSE,B,,0.6018,0.6,0.4317,TRUE,B,,FALSE,2,B,FALSE
cg13526756,2,175595575,CHRNA1,1,1,TRUE,FALSE,TRUE,2,0.572727272727273,0.539393939393939,0.223376623376623,0.43030303030303,0.697402597402597,0.672727272727273,,3,FALSE,II,FALSE,FALSE,FALSE,FALSE,FALSE,FALSE,B,,0.2148,0.2516,0.227,FALSE,B,0.1238,FALSE,1,B,TRUE
cg13530938,2,239140190,HES6,1,1,FALSE,TRUE,TRUE,2,0.497402597402597,0.672727272727273,0.603896103896104,0.745454545454545,0.664935064935065,0.684848484848485,LOC151174;LOC643387;LOC151174,7,FALSE,I,FALSE,FALSE,FALSE,FALSE,FALSE,FALSE,B,,0.5403,0.4276,0.6359,TRUE,B,0.3647,FALSE,2,B,TRUE
cg13639937,1,92012655,CDC7,1,1,TRUE,FALSE,TRUE,2,0.555844155844156,0.878787878787879,0.372727272727273,0.684848484848485,0.541558441558442,0.806060606060606,,3,FALSE,II,FALSE,FALSE,FALSE,FALSE,FALSE,FALSE,B,,0.4029,0.3841,0.4569,FALSE,B,0.2739,FALSE,1,B,TRUE
cg13944507,12,10096112,LINC02470,-1,1,FALSE,TRUE,TRUE,2,0.472727272727273,0.527272727272727,0.7,0.709090909090909,0.635064935064935,0.684848484848485,,4,FALSE,II,TRUE,FALSE,TRUE,TRUE,FALSE,TRUE,A,blood;buccal,0.5355,0.4305,0.2994,TRUE,A+,0.4296,FALSE,3,A++,TRUE
cg14049295,20,25064806,VSX1,1,1,TRUE,TRUE,FALSE,2,0.57012987012987,0.721212121212121,0.533766233766234,0.793939393939394,0.422077922077922,0.733333333333333,,3,FALSE,II,FALSE,FALSE,FALSE,FALSE,FALSE,FALSE,B,,0.4908,0.4569,0.3304,FALSE,B,0.3238,FALSE,1,B,TRUE
cg14135807,13,76123086,AL137244.1;UCHL3,1;1,2,FALSE,TRUE,TRUE,2,0.37012987012987,0.563636363636364,0.501298701298701,0.636363636363636,0.663636363636364,0.612121212121212,UCHL3,5,FALSE,II,FALSE,FALSE,FALSE,FALSE,FALSE,FALSE,B,,0.4979,0.5357,0.4676,FALSE,B,0.6265,TRUE,2,B,TRUE
cg14415160,1,47010105,KNCN,-1,1,FALSE,TRUE,TRUE,2,0.581818181818182,0.236363636363636,0.722077922077922,0.527272727272727,0.545454545454545,-0.00606060606060606,,4,FALSE,II,FALSE,FALSE,FALSE,FALSE,FALSE,FALSE,B,,0.2912,0.3157,0.2327,FALSE,B,0.3435,FALSE,1,B,TRUE
cg14462369,6,168771343,DACT2,1,1,TRUE,FALSE,TRUE,2,0.775324675324675,0.745454545454545,0.248051948051948,0.309090909090909,0.584415584415584,0.587878787878788,,3,FALSE,II,FALSE,FALSE,FALSE,FALSE,FALSE,FALSE,B,,0.4851,0.4965,0.4346,FALSE,B,0.355,FALSE,1,B,TRUE
cg14487805,17,3433970,SPATA22;TRPV3,1;-1,2,TRUE,FALSE,TRUE,2,0.541558441558442,0.539393939393939,0.0623376623376623,0.139393939393939,0.77012987012987,0.636363636363636,TRPV3,2,FALSE,II,FALSE,FALSE,FALSE,FALSE,FALSE,FALSE,B,,-0.0307,-0.0967,0.1255,FALSE,B,0.3641,FALSE,1,B,TRUE
cg14525755,12,132671672,LINC02361,1,1,FALSE,TRUE,TRUE,2,0.427272727272727,0.490909090909091,0.850649350649351,0.76969696969697,0.774025974025974,0.587878787878788,,3,FALSE,I,FALSE,FALSE,FALSE,FALSE,FALSE,FALSE,B,,0.6498,0.6653,0.156,TRUE,B,0.2009,FALSE,2,B,TRUE
cg14558114,2,88469736,THNSL2,-1,1,TRUE,FALSE,TRUE,2,0.720779220779221,0.624242424242424,0.354545454545455,0.321212121212121,0.663636363636364,0.0909090909090909,THNSL2,5,FALSE,I,FALSE,FALSE,FALSE,FALSE,FALSE,FALSE,B,,0.7169,0.7457,0.4871,TRUE,B,0.7116,TRUE,3,B,TRUE
cg14569776,19,46974275,CCDC8;PNMA8A;PNMA8C,-1;-1;-1,3,TRUE,FALSE,TRUE,2,0.611688311688312,0.515151515151515,0.749350649350649,0.284848484848485,0.642857142857143,0.0909090909090909,PNMAL1;PNMAL1,1,FALSE,II,FALSE,FALSE,FALSE,FALSE,FALSE,FALSE,B,,0.7138,0.6995,0.5162,TRUE,B,0.3702,FALSE,2,B,TRUE
cg14582100,15,45693742,AC051619.2;AC051619.4;SLC28A2;SPATA5L1,-1;-1;-1;1,4,FALSE,TRUE,TRUE,2,0.535064935064935,0.418181818181818,0.846753246753247,0.503030303030303,0.623376623376623,0.260606060606061,SPATA5L1;SPATA5L1,3,FALSE,II,FALSE,FALSE,TRUE,FALSE,FALSE,FALSE,A,blood,0.6262,0.6386,0.543,TRUE,A+,0.5672,TRUE,3,A++,TRUE
cg14611683,1,45452580,EIF2B3,1,1,TRUE,FALSE,TRUE,2,0.535064935064935,0.503030303030303,0.602597402597403,0.321212121212121,0.754545454545455,0.890909090909091,EIF2B3;EIF2B3,13,FALSE,II,FALSE,TRUE,FALSE,FALSE,FALSE,FALSE,A,saliva,0.2073,0.1544,0.0908,FALSE,A,0.3539,FALSE,2,A,TRUE
cg14747498,8,143746110,JRK,1,1,TRUE,FALSE,TRUE,2,0.524675324675325,0.527272727272727,0.328571428571429,0.357575757575757,0.507792207792208,0.175757575757576,JRK;JRK,,FALSE,II,FALSE,FALSE,FALSE,FALSE,FALSE,FALSE,B,,0.3288,0.3127,0.0907,FALSE,B,,FALSE,1,B,FALSE
cg14750269,19,46975180,CCDC8;PNMA8A;PNMA8C,-1;-1;-1,3,TRUE,FALSE,TRUE,2,0.545454545454545,0.503030303030303,0.698701298701299,0.309090909090909,0.788311688311688,0.915151515151515,PNMAL1;PNMAL1,7,FALSE,II,FALSE,FALSE,FALSE,FALSE,FALSE,FALSE,B,,0.7114,0.7236,0.5172,TRUE,B,0.3293,FALSE,2,B,TRUE
cg14970273,19,37794573,AC016590.4;LINC01535,-1;1,2,FALSE,TRUE,TRUE,2,0.849350649350649,0.478787878787879,0.67012987012987,0.636363636363636,0.77012987012987,0.878787878787879,,,FALSE,II,FALSE,FALSE,FALSE,FALSE,FALSE,FALSE,B,,0.5952,0.4845,0.4103,TRUE,B,,FALSE,2,B,FALSE
cg15305980,6,168402369,HGC6.3;KIF25-AS1,1;1,2,TRUE,FALSE,TRUE,2,0.623376623376623,0.563636363636364,0.488311688311688,0.624242424242424,0.54025974025974,0.527272727272727,,,FALSE,I,FALSE,FALSE,FALSE,FALSE,FALSE,FALSE,B,,0.6853,0.6801,0.7305,TRUE,B,,FALSE,2,B,FALSE
cg15463284,11,18477534,LDHAL6A;LDHC,-1;-1,2,TRUE,FALSE,TRUE,2,0.628571428571429,0.612121212121212,0.672727272727273,0.466666666666667,0.832467532467532,0.672727272727273,LDHAL6A;LDHAL6A;LDHAL6A;LDHAL6A,5,FALSE,I,FALSE,FALSE,FALSE,FALSE,TRUE,FALSE,A,buccal,0.7286,0.6759,0.563,TRUE,A+,0.6001,TRUE,3,A++,TRUE
cg15509177,13,19919208,ANKRD26P3;PARP4P2;PSPC1P1,-1;-1;-1,3,FALSE,TRUE,TRUE,2,0.780519480519481,0.345454545454545,0.836363636363636,0.684848484848485,0.903896103896104,0.709090909090909,LOC100101938,1,FALSE,II,TRUE,FALSE,FALSE,FALSE,TRUE,TRUE,A,buccal,0.7092,0.6412,0.628,TRUE,A+,0.5383,TRUE,4,A++,TRUE
cg15580309,1,46814106,FAAHP1,-1,1,TRUE,FALSE,TRUE,2,0.864935064935065,0.684848484848485,0.812987012987013,0.393939393939394,0.84025974025974,0.6,NSUN4,0,TRUE,II,FALSE,FALSE,FALSE,FALSE,FALSE,FALSE,B,,0.6601,0.5909,0.6901,TRUE,B,0.5509,TRUE,3,B,TRUE
cg15664640,17,80829946,FN3KRP,-1,1,FALSE,TRUE,TRUE,2,0.433766233766234,0.0303030303030303,0.528571428571429,0.503030303030303,0.606493506493507,0.2,TBCD,,FALSE,I,FALSE,FALSE,FALSE,FALSE,FALSE,FALSE,B,,0.5765,0.5836,0.6188,TRUE,B,0.2723,FALSE,2,B,TRUE
cg15812020,13,25506235,CENPJ,1,1,FALSE,TRUE,TRUE,2,0.532467532467532,0.345454545454545,0.777922077922078,0.539393939393939,0.668831168831169,0.406060606060606,LOC646405,2,FALSE,I,TRUE,FALSE,FALSE,FALSE,FALSE,FALSE,B,,0.6395,0.6397,0.5936,TRUE,B,0.4124,FALSE,3,B,TRUE
cg15816911,14,71606274,PCNX1,-1,1,TRUE,FALSE,TRUE,2,0.579220779220779,0.587878787878788,0.325974025974026,0.624242424242424,0.693506493506494,0.806060606060606,,2,FALSE,II,FALSE,FALSE,FALSE,FALSE,FALSE,FALSE,B,,0.4412,0.4905,0.3733,FALSE,B,0.347,FALSE,1,B,TRUE
cg15851904,12,64215680,PABPC1P4,-1,1,TRUE,FALSE,TRUE,2,0.720779220779221,0.539393939393939,0.466233766233766,0.527272727272727,0.603896103896104,0.842424242424242,,0,TRUE,II,TRUE,FALSE,TRUE,FALSE,FALSE,FALSE,A,saliva,0.4683,0.4772,0.4539,FALSE,A+,0.281,FALSE,2,A+,TRUE
cg15871215,5,81402204,ATG10;ATP6AP1L;RPS23,-1;-1;1,3,TRUE,TRUE,FALSE,2,0.536363636363636,0.6,0.545454545454545,0.515151515151515,0.344155844155844,0.539393939393939,ATG10;ATG10,0,TRUE,II,FALSE,FALSE,FALSE,FALSE,FALSE,FALSE,B,,0.4577,0.4357,0.3102,FALSE,B,0.454,FALSE,1,B,TRUE
cg16072777,5,17119012,AC026790.1;BASP1-AS1,1;1,2,TRUE,FALSE,TRUE,2,0.52987012987013,0.563636363636364,-0.25974025974026,0.0424242424242424,0.722077922077922,0.224242424242424,,1,FALSE,II,FALSE,FALSE,FALSE,FALSE,FALSE,FALSE,B,,0.0776,-0.0775,0.0582,FALSE,B,0.0912,FALSE,1,B,TRUE
cg16154810,22,47135258,AL118516.1,1,1,FALSE,TRUE,TRUE,2,0.62987012987013,0.418181818181818,0.719480519480519,0.927272727272727,0.520779220779221,0.36969696969697,CERK,2,FALSE,II,FALSE,FALSE,FALSE,FALSE,TRUE,FALSE,A,buccal,0.8248,0.8332,0.8607,TRUE,A+,0.6542,TRUE,3,A++,TRUE
cg16358155,3,195490169,SDHAP1,1,1,TRUE,FALSE,TRUE,2,0.746753246753247,0.672727272727273,0.518181818181818,0.357575757575757,0.749350649350649,0.563636363636364,MUC4;MUC4;MUC4,7,FALSE,I,FALSE,FALSE,FALSE,FALSE,FALSE,FALSE,B,,0.7025,0.6473,0.4113,TRUE,B,0.5215,TRUE,3,B,TRUE
cg16399632,4,1244006,MAEA;SPON2,1;-1,2,TRUE,FALSE,TRUE,2,0.732467532467532,0.648484848484848,0.645454545454546,0.466666666666667,0.694805194805195,0.672727272727273,CTBP1;CTBP1;C4orf42,9,FALSE,I,FALSE,FALSE,FALSE,FALSE,FALSE,FALSE,B,,0.7295,0.7495,0.0818,TRUE,B,,FALSE,2,B,FALSE
cg16419906,5,132167176,GDF9,1,1,TRUE,FALSE,TRUE,2,0.61948051948052,0.672727272727273,0.355844155844156,0.490909090909091,0.584415584415584,0.272727272727273,,5,FALSE,II,FALSE,FALSE,FALSE,FALSE,FALSE,TRUE,A,buccal,0.3417,0.3129,0.2211,FALSE,A+,-0.0017,FALSE,1,A+,TRUE
cg16449687,10,42862876,BX322639.1;LINC00839,-1;-1,2,TRUE,FALSE,TRUE,2,0.733766233766234,0.587878787878788,0.61038961038961,0.333333333333333,0.823376623376623,0.624242424242424,LOC441666,3,FALSE,II,FALSE,FALSE,FALSE,FALSE,FALSE,FALSE,B,,0.7772,0.762,0.6446,TRUE,B,0.5665,TRUE,3,B,TRUE
cg16464924,17,78079668,GAA,1,1,FALSE,TRUE,TRUE,2,0.451948051948052,0.781818181818182,0.702597402597403,0.903030303030303,0.545454545454545,0.745454545454545,GAA;GAA;GAA,,FALSE,I,TRUE,TRUE,TRUE,FALSE,FALSE,TRUE,A,blood;buccal,0.8078,0.8095,0.7601,TRUE,A+,,FALSE,3,A+,FALSE
cg16486109,11,613632,TMEM80,1,1,TRUE,TRUE,FALSE,2,0.580519480519481,0.503030303030303,0.775324675324675,0.745454545454545,0.487012987012987,0.466666666666667,IRF7;IRF7;IRF7,3,FALSE,II,FALSE,FALSE,FALSE,FALSE,FALSE,FALSE,B,,0.5382,0.5902,0.2504,TRUE,B,0.4473,FALSE,2,B,TRUE
cg16505953,19,4851963,PLIN3,1,1,TRUE,FALSE,TRUE,2,0.516883116883117,0.551515151515151,0.703896103896104,0.393939393939394,0.618181818181818,0.309090909090909,PLIN3;PLIN3;PLIN3,5,FALSE,I,FALSE,FALSE,FALSE,FALSE,FALSE,FALSE,B,,0.4924,0.4842,0.4993,FALSE,B,0.3455,FALSE,1,B,TRUE
cg16686733,20,25566563,ABHD12;AL078587.2;FAM182B,1;-1;1,3,FALSE,TRUE,TRUE,2,0.251948051948052,0.454545454545455,0.522077922077922,0.866666666666667,0.692207792207792,0.212121212121212,NINL,6,FALSE,I,FALSE,FALSE,FALSE,FALSE,FALSE,FALSE,B,,0.5213,0.4784,0.4988,TRUE,B,0.2451,FALSE,2,B,TRUE
cg16956133,2,865075,AC092159.1;LINC01115;LINC01939,-1;-1;-1,3,FALSE,TRUE,TRUE,2,0.242857142857143,0.854545454545454,0.844155844155844,0.636363636363636,0.536363636363636,0.721212121212121,,,FALSE,II,FALSE,FALSE,FALSE,FALSE,FALSE,FALSE,B,,0.7889,0.7361,0.7471,TRUE,B,0.5847,TRUE,3,B,TRUE
cg17075019,10,79541650,DLG5,-1,1,FALSE,TRUE,TRUE,2,0.327272727272727,0.466666666666667,0.627272727272727,0.551515151515151,0.546753246753247,0.393939393939394,,0,TRUE,I,FALSE,FALSE,FALSE,FALSE,TRUE,FALSE,A,buccal,0.4666,0.4299,0.5513,FALSE,A+,0.2064,FALSE,1,A+,TRUE
cg17420585,12,42539391,GXYLT1;ZCRB1,1;1,2,TRUE,FALSE,TRUE,2,0.6,0.866666666666667,0.415584415584416,0.127272727272727,0.601298701298701,0.187878787878788,GXYLT1;GXYLT1,3,FALSE,II,FALSE,FALSE,FALSE,FALSE,FALSE,FALSE,B,,0.3004,0.2799,0.7312,FALSE,B,0.18,FALSE,1,B,TRUE
cg17524265,8,144659883,NAPRT,-1,1,FALSE,TRUE,TRUE,2,0.702597402597403,0.442424242424242,0.67012987012987,0.551515151515151,0.702597402597403,0.76969696969697,NAPRT1,4,FALSE,II,FALSE,FALSE,FALSE,FALSE,FALSE,FALSE,B,,0.749,0.7776,0.7401,TRUE,B,0.7116,TRUE,3,B,TRUE
cg17541715,7,1216824,ZFAND2A-DT,1,1,TRUE,FALSE,TRUE,2,0.52987012987013,0.587878787878788,0.374025974025974,0.357575757575757,0.707792207792208,0.587878787878788,,2,FALSE,II,FALSE,FALSE,FALSE,FALSE,TRUE,FALSE,A,buccal,0.4161,0.362,0.2372,FALSE,A+,0.4424,FALSE,1,A++,TRUE
cg17800788,1,21766015,NBPF2P;NBPF3,1;-1,2,TRUE,TRUE,FALSE,2,0.525974025974026,0.866666666666667,0.590909090909091,0.806060606060606,0.181818181818182,0.733333333333333,NBPF3,,FALSE,II,FALSE,FALSE,FALSE,FALSE,FALSE,FALSE,B,,0.516,0.4791,0.5566,TRUE,B,0.3249,FALSE,2,B,TRUE
cg17987483,1,25660365,AL031432.2;RHCE;RHD;SDHDP6;TMEM50A,1;-1;1;1;-1,5,TRUE,FALSE,TRUE,2,0.751948051948052,0.587878787878788,0.719480519480519,0.36969696969697,0.779220779220779,0.624242424242424,,,FALSE,II,FALSE,FALSE,TRUE,FALSE,FALSE,FALSE,B,,0.5647,0.541,0.563,TRUE,B,0.6726,TRUE,3,B,TRUE
cg18120489,4,1366662,SPON2,1,1,FALSE,TRUE,TRUE,2,0.683116883116883,0.406060606060606,0.702597402597403,0.696969696969697,0.714285714285714,0.0303030303030303,KIAA1530,,FALSE,I,TRUE,TRUE,TRUE,FALSE,FALSE,TRUE,A,blood;buccal,0.8464,0.8245,0.804,TRUE,A+,,FALSE,3,A+,FALSE
cg18129178,5,148520854,SH3TC2,1,1,TRUE,FALSE,TRUE,2,0.633766233766234,0.818181818181818,0.419480519480519,0.76969696969697,0.846753246753247,0.915151515151515,ABLIM3,11,FALSE,II,FALSE,FALSE,TRUE,FALSE,TRUE,FALSE,A,buccal,0.6475,0.666,0.6785,TRUE,A+,0.6081,TRUE,3,A++,TRUE
cg18136963,6,139013146,AL590617.2,-1,1,TRUE,TRUE,FALSE,2,0.777922077922078,0.733333333333333,0.809090909090909,0.890909090909091,0.350649350649351,0.806060606060606,,5,FALSE,I,FALSE,FALSE,FALSE,FALSE,FALSE,FALSE,B,,0.8809,0.842,0.6513,TRUE,B,0.449,FALSE,2,B,TRUE
cg18180155,22,45809454,RIBC2;SMC1B,-1;-1,2,TRUE,FALSE,TRUE,2,0.662337662337662,0.818181818181818,0.416883116883117,0.866666666666667,0.698701298701299,0.745454545454545,SMC1B;RIBC2;SMC1B,11,FALSE,II,FALSE,FALSE,FALSE,FALSE,FALSE,FALSE,B,,0.5776,0.5617,0.6294,TRUE,B,0.312,FALSE,2,B,TRUE
cg18277682,1,228362509,MRPL55,1,1,TRUE,FALSE,TRUE,2,0.55974025974026,0.684848484848485,0.548051948051948,0.115151515151515,0.574025974025974,0.672727272727273,C1orf69,5,FALSE,I,FALSE,FALSE,FALSE,FALSE,FALSE,FALSE,B,,0.3543,0.325,0.3012,FALSE,B,0.5113,TRUE,2,B,TRUE
cg18363911,6,170479840,AL596442.2,1,1,FALSE,TRUE,TRUE,2,0.677922077922078,0.151515151515151,0.867532467532467,0.793939393939394,0.805194805194805,0.151515151515151,,3,FALSE,I,FALSE,FALSE,FALSE,FALSE,TRUE,TRUE,A,buccal,0.6873,0.679,0.7402,TRUE,A+,0.4963,FALSE,2,A++,TRUE
cg18423549,17,21743878,AC138761.1,-1,1,FALSE,TRUE,TRUE,2,0.646753246753247,0.442424242424242,0.766233766233766,0.76969696969697,0.72987012987013,0.660606060606061,,2,FALSE,II,FALSE,FALSE,FALSE,FALSE,FALSE,FALSE,B,,0.5159,0.5281,0.5604,TRUE,B,0.3228,FALSE,2,B,TRUE
cg18700013,19,29285119,MAN1A2P1,-1,1,FALSE,TRUE,TRUE,2,0.777922077922078,0.406060606060606,0.663636363636364,0.648484848484848,0.667532467532468,0.745454545454545,,1,FALSE,II,FALSE,FALSE,TRUE,FALSE,FALSE,FALSE,A,blood,0.4875,0.4862,0.321,FALSE,A+,0.1268,FALSE,1,A+,TRUE
cg18713687,3,195489789,SDHAP1,1,1,TRUE,FALSE,TRUE,2,0.785714285714286,0.551515151515151,0.797402597402597,0.260606060606061,0.896103896103896,0.648484848484848,MUC4;MUC4;MUC4,6,FALSE,II,TRUE,FALSE,TRUE,FALSE,FALSE,FALSE,A,saliva,0.7983,0.7708,0.7347,TRUE,A+,0.7425,TRUE,4,A++,TRUE
cg18765753,7,1198926,ZFAND2A-DT,1,1,TRUE,FALSE,TRUE,2,0.71038961038961,0.684848484848485,0.792207792207792,0.418181818181818,0.788311688311688,0.781818181818182,ZFAND2A,5,FALSE,II,FALSE,FALSE,FALSE,FALSE,FALSE,FALSE,B,,0.6961,0.7232,0.6132,TRUE,B,,FALSE,2,B,FALSE
cg18918831,3,195489782,SDHAP1,1,1,TRUE,FALSE,TRUE,2,0.876623376623377,0.696969696969697,0.820779220779221,0.442424242424242,0.905194805194805,0.878787878787879,MUC4;MUC4;MUC4,6,FALSE,II,TRUE,TRUE,TRUE,TRUE,TRUE,TRUE,A,saliva;buccal,0.835,0.7939,0.7486,TRUE,A+,0.7755,TRUE,4,A++,TRUE
cg18968090,10,72432461,ADAMTS14,1,1,FALSE,TRUE,TRUE,2,0.384415584415584,0.296969696969697,0.5,0.878787878787879,0.505194805194805,0.575757575757576,ADAMTS14;ADAMTS14,5,FALSE,I,FALSE,FALSE,FALSE,FALSE,FALSE,FALSE,B,,0.4263,0.3885,0.3738,FALSE,B,0.3504,FALSE,1,B,TRUE
cg19120073,13,114165365,AL442125.1;TMCO3,1;1,2,FALSE,TRUE,TRUE,2,0.250649350649351,0.187878787878788,0.518181818181818,0.733333333333333,0.544155844155844,0.0303030303030303,TMCO3,,FALSE,I,FALSE,FALSE,FALSE,FALSE,FALSE,FALSE,B,,0.2353,0.2047,0.1029,FALSE,B,,FALSE,1,B,FALSE
cg19325132,2,74358223,AC073263.1;BOLA3-AS1;FNBP1P1,1;1;1,3,FALSE,TRUE,TRUE,2,0.232467532467532,0.503030303030303,0.690909090909091,0.660606060606061,0.572727272727273,0.248484848484848,,2,FALSE,II,FALSE,FALSE,FALSE,FALSE,FALSE,FALSE,B,,0.4648,0.4003,0.3791,FALSE,B,0.4852,FALSE,1,B,TRUE
cg19359983,13,103346900,METTL21C,1,1,TRUE,TRUE,FALSE,2,0.624675324675325,0.648484848484848,0.615584415584416,0.6,0.328571428571429,0.624242424242424,C13orf39,6,FALSE,II,FALSE,FALSE,FALSE,FALSE,FALSE,FALSE,B,,0.5515,0.5124,0.5936,TRUE,B,0.6162,TRUE,3,B,TRUE
cg19502207,14,55337268,GCH1,-1,1,TRUE,FALSE,TRUE,2,0.637662337662338,0.575757575757576,0.550649350649351,0.490909090909091,0.572727272727273,0.418181818181818,GCH1;GCH1;GCH1;GCH1,,FALSE,I,FALSE,FALSE,TRUE,FALSE,FALSE,FALSE,B,,0.0771,0.0709,0.1402,FALSE,B,0.3131,FALSE,1,B,TRUE
cg19630374,17,18023558,TOM1L2,1,1,FALSE,TRUE,TRUE,2,0.383116883116883,0.684848484848485,0.587012987012987,0.551515151515151,0.5,0.854545454545454,MYO15A,3,FALSE,II,FALSE,FALSE,FALSE,FALSE,FALSE,FALSE,B,,0.504,0.5067,0.4477,TRUE,B,0.2434,FALSE,2,B,TRUE
cg19651757,12,10096118,LINC02470,-1,1,FALSE,TRUE,TRUE,2,0.690909090909091,0.43030303030303,0.728571428571429,0.624242424242424,0.762337662337662,0.757575757575757,,4,FALSE,II,TRUE,FALSE,TRUE,TRUE,TRUE,TRUE,A,blood;buccal,0.5423,0.4393,0.3032,TRUE,A+,0.5143,TRUE,4,A++,TRUE
cg19756885,14,105318494,LINC00638,1,1,TRUE,FALSE,TRUE,2,0.527272727272727,0.672727272727273,0.663636363636364,0.321212121212121,0.757142857142857,0.76969696969697,,3,FALSE,II,FALSE,FALSE,FALSE,FALSE,FALSE,FALSE,B,,0.4913,0.4948,0.4249,FALSE,B,0.2534,FALSE,1,B,TRUE
cg19969650,5,1634502,AC026412.1,-1,1,TRUE,FALSE,TRUE,2,0.631168831168831,0.612121212121212,0.576623376623377,0.296969696969697,0.867532467532467,0.515151515151515,LOC728613,,FALSE,II,FALSE,FALSE,FALSE,FALSE,FALSE,FALSE,B,,0.5534,0.4916,0.465,TRUE,B,,FALSE,2,B,FALSE
cg20011983,2,74347215,BOLA3-AS1;FNBP1P1,-1;-1,2,FALSE,TRUE,TRUE,2,0.45974025974026,0.733333333333333,0.651948051948052,0.575757575757576,0.627272727272727,0.854545454545454,,3,FALSE,I,TRUE,FALSE,TRUE,FALSE,FALSE,FALSE,A,blood,0.6817,0.5916,0.6293,TRUE,A+,0.4901,FALSE,3,A++,TRUE
cg20137746,10,27235598,FAM238C,-1,1,FALSE,TRUE,TRUE,2,0.474025974025974,0.866666666666667,0.555844155844156,0.76969696969697,0.622077922077922,0.696969696969697,,,FALSE,I,FALSE,FALSE,FALSE,FALSE,FALSE,FALSE,B,,0.4931,0.4306,0.4888,FALSE,B,,FALSE,1,B,FALSE
cg20320494,4,124232,AC253576.2;ZNF718,-1;1,2,TRUE,TRUE,FALSE,2,0.505194805194805,0.721212121212121,0.553246753246753,0.721212121212121,0.457142857142857,0.903030303030303,ZNF718,6,FALSE,II,FALSE,FALSE,FALSE,FALSE,FALSE,FALSE,B,,0.6244,0.6057,0.1079,TRUE,B,0.3899,FALSE,2,B,TRUE
cg20368463,18,77673604,RBFADN;TXNL4A,1;1,2,FALSE,TRUE,TRUE,2,0.779220779220779,0.454545454545455,0.732467532467532,0.648484848484848,0.798701298701299,0.321212121212121,PQLC1;PQLC1;PQLC1,1,FALSE,II,FALSE,FALSE,FALSE,FALSE,FALSE,FALSE,B,,0.3767,0.3537,0.501,FALSE,B,0.4539,FALSE,1,B,TRUE
cg20453969,10,27541301,AL160291.1,1,1,FALSE,TRUE,TRUE,2,0.528571428571429,0.36969696969697,0.622077922077922,0.503030303030303,0.611688311688312,0.575757575757576,LOC387646,,FALSE,II,FALSE,FALSE,FALSE,FALSE,FALSE,FALSE,B,,0.2501,0.2603,0.1798,FALSE,B,0.27,FALSE,1,B,TRUE
cg20458811,8,144631810,AC067930.8;GSDMD,1;1,2,TRUE,TRUE,FALSE,2,0.550649350649351,0.806060606060606,0.601298701298701,0.503030303030303,0.205194805194805,0.527272727272727,,5,FALSE,II,FALSE,FALSE,FALSE,FALSE,FALSE,FALSE,B,,0.4917,0.4603,0.6136,FALSE,B,0.3521,FALSE,1,B,TRUE
cg20641794,19,39927495,SUPT5H,-1,1,FALSE,TRUE,TRUE,2,0.393506493506494,0.806060606060606,0.757142857142857,0.890909090909091,0.753246753246753,0.503030303030303,RPS16,1,FALSE,I,FALSE,FALSE,FALSE,FALSE,FALSE,FALSE,B,,0.7258,0.6979,0.697,TRUE,B,0.7423,TRUE,3,B,TRUE
cg20709203,13,53174588,CKAP2;HNRNPA1L2;LINC00345,-1;-1;-1,3,TRUE,FALSE,TRUE,2,0.82987012987013,0.963636363636364,0.363636363636364,0.696969696969697,0.783116883116883,0.709090909090909,,,FALSE,I,TRUE,FALSE,FALSE,FALSE,TRUE,FALSE,A,saliva;buccal,0.6884,0.6844,0.6776,TRUE,A+,,FALSE,3,A+,FALSE
cg20725493,19,15740067,CYP4F3,-1,1,TRUE,FALSE,TRUE,2,0.587012987012987,0.757575757575757,0.388311688311688,0.648484848484848,0.762337662337662,0.551515151515151,CYP4F8,,FALSE,I,TRUE,TRUE,TRUE,FALSE,TRUE,TRUE,A,saliva;buccal,0.8092,0.7792,0.7437,TRUE,A+,,FALSE,3,A+,FALSE
cg20891558,2,74357851,AC073263.1;BOLA3-AS1;FNBP1P1,1;1;1,3,FALSE,TRUE,TRUE,2,0.550649350649351,0.490909090909091,0.516883116883117,0.878787878787879,0.614285714285714,0.624242424242424,,3,FALSE,II,FALSE,FALSE,FALSE,FALSE,FALSE,FALSE,B,,0.8052,0.7781,0.7273,TRUE,B,0.6272,TRUE,3,B,TRUE
cg20892840,3,156879058,AC092944.1;KRT18P34,1;1,2,FALSE,TRUE,TRUE,2,0.0311688311688312,0.454545454545455,0.637662337662338,0.721212121212121,0.601298701298701,0.563636363636364,CCNL1,9,FALSE,II,FALSE,FALSE,FALSE,FALSE,FALSE,FALSE,B,,0.673,0.6835,0.5447,TRUE,B,0.3594,FALSE,2,B,TRUE
cg20913747,6,44695427,SUPT3H,-1,1,TRUE,FALSE,TRUE,2,0.622077922077922,0.866666666666667,0.320779220779221,0.612121212121212,0.844155844155844,0.575757575757576,,5,FALSE,I,FALSE,FALSE,FALSE,FALSE,FALSE,FALSE,B,,0.1918,0.1468,0.1296,FALSE,B,0.4852,FALSE,1,B,TRUE
cg21159260,5,475889,SLC9A3;SLC9A3-AS1,1;1,2,TRUE,TRUE,FALSE,2,0.661038961038961,0.696969696969697,0.832467532467532,0.684848484848485,0.48961038961039,0.442424242424242,SLC9A3,0,TRUE,II,FALSE,FALSE,TRUE,FALSE,FALSE,FALSE,A,blood,0.7436,0.6715,0.6905,TRUE,A+,0.4528,FALSE,2,A++,TRUE
cg21178254,3,156879083,AC092944.1;KRT18P34,1;1,2,FALSE,TRUE,TRUE,2,0.290909090909091,0.733333333333333,0.803896103896104,0.854545454545454,0.711688311688312,0.757575757575757,CCNL1,9,FALSE,II,FALSE,FALSE,FALSE,FALSE,FALSE,FALSE,B,,0.5879,0.6656,0.7028,TRUE,B,0.4694,FALSE,2,B,TRUE
cg21237687,17,6899380,AC040977.1;ALOX12-AS1,1;1,2,TRUE,FALSE,TRUE,2,0.501298701298701,0.527272727272727,0.672727272727273,0.442424242424242,0.509090909090909,0.890909090909091,ALOX12,12,FALSE,I,FALSE,FALSE,FALSE,FALSE,FALSE,FALSE,B,,0.537,0.5088,0.3834,TRUE,B,0.3523,FALSE,2,B,TRUE
cg21263208,1,247285935,ZNF124;ZNF669,1;-1,2,TRUE,FALSE,TRUE,2,0.501298701298701,0.721212121212121,0.41038961038961,0.381818181818182,0.605194805194805,0.733333333333333,,0,TRUE,II,TRUE,TRUE,FALSE,FALSE,TRUE,TRUE,A,saliva;buccal,0.2844,0.2729,0.2773,FALSE,A,0.3291,FALSE,2,A,TRUE
cg21330207,18,72916311,ZADH2,1,1,TRUE,FALSE,TRUE,2,0.524675324675325,0.672727272727273,0.538961038961039,0.309090909090909,0.511688311688312,0.515151515151515,ZADH2,2,FALSE,I,FALSE,FALSE,FALSE,FALSE,FALSE,FALSE,B,,0.4985,0.4842,0.3541,FALSE,B,0.5053,TRUE,2,B,TRUE
cg21466736,12,48725269,AC024257.3;AC074029.4,1;1,2,TRUE,FALSE,TRUE,2,0.764935064935065,0.515151515151515,0.318181818181818,0.684848484848485,0.883116883116883,0.224242424242424,,0,TRUE,II,FALSE,FALSE,FALSE,FALSE,FALSE,FALSE,B,,0.3034,0.3701,0.4583,FALSE,B,0.5234,TRUE,2,B,TRUE
cg21471580,8,22132874,PIWIL2,-1,1,TRUE,FALSE,TRUE,2,0.732467532467532,0.757575757575757,0.466233766233766,0.709090909090909,0.849350649350649,0.818181818181818,PIWIL2;PIWIL2;PIWIL2,12,FALSE,I,FALSE,FALSE,FALSE,FALSE,FALSE,FALSE,B,,0.3406,0.3198,0.3344,FALSE,B,0.6204,TRUE,2,B,TRUE
cg21535942,1,75199100,AC135803.1;CRYZ;TYW3,-1;-1;-1,3,TRUE,FALSE,TRUE,2,0.674025974025974,0.503030303030303,0.615584415584416,0.296969696969697,0.745454545454545,0.733333333333333,CRYZ;TYW3;CRYZ;CRYZ;CRYZ;TYW3;TYW3,11,FALSE,I,FALSE,FALSE,FALSE,FALSE,FALSE,FALSE,B,,0.5345,0.5253,0.5801,TRUE,B,0.385,FALSE,2,B,TRUE
cg21832243,21,38444223,PIGP;TTC3,1;-1,2,FALSE,TRUE,TRUE,2,0.457142857142857,0.357575757575757,0.62987012987013,0.636363636363636,0.592207792207792,0.575757575757576,TTC3;PIGP;PIGP;PIGP,1,FALSE,II,FALSE,FALSE,FALSE,FALSE,FALSE,FALSE,B,,0.5571,0.6068,0.3492,TRUE,B,0.2001,FALSE,2,B,TRUE
cg21881798,11,8931708,TMEM9B-AS1,-1,1,TRUE,FALSE,TRUE,2,0.798701298701299,0.6,0.532467532467532,0.212121212121212,0.901298701298701,0.248484848484848,C11orf17;C11orf17;ST5,5,FALSE,II,TRUE,TRUE,TRUE,FALSE,TRUE,TRUE,A,saliva;buccal,0.6249,0.6544,0.5173,TRUE,A+,0.5519,TRUE,4,A++,TRUE
cg21911021,19,58095011,VN1R1,1,1,FALSE,TRUE,TRUE,2,0.519480519480519,0.296969696969697,0.684415584415584,0.745454545454545,0.637662337662338,0.248484848484848,ZIK1,6,FALSE,II,TRUE,TRUE,TRUE,FALSE,FALSE,FALSE,A,blood,0.3991,0.3279,0.3961,FALSE,A+,0.3398,FALSE,2,A++,TRUE
cg22292345,3,47051533,NBEAL2;SCAP,-1;-1,2,TRUE,FALSE,TRUE,2,0.612987012987013,0.612121212121212,0.179220779220779,0.0303030303030303,0.509090909090909,-0.224242424242424,LOC100129354,2,FALSE,II,TRUE,TRUE,FALSE,TRUE,FALSE,FALSE,A,saliva,0.3591,0.4691,0.2997,FALSE,A+,0.3233,FALSE,2,A++,TRUE
cg22325292,17,80708367,FN3KRP,-1,1,TRUE,TRUE,FALSE,2,0.642857142857143,0.842424242424242,0.779220779220779,0.781818181818182,0.349350649350649,0.951515151515151,FN3K,4,FALSE,I,FALSE,FALSE,FALSE,FALSE,FALSE,FALSE,B,,0.6514,0.601,0.7373,TRUE,B,0.6349,TRUE,3,B,TRUE
cg22332266,11,89956777,AP002364.1,-1,1,TRUE,TRUE,FALSE,2,0.728571428571429,0.939393939393939,0.707792207792208,0.806060606060606,0.433766233766234,0.903030303030303,CHORDC1;CHORDC1,12,FALSE,II,FALSE,TRUE,TRUE,TRUE,FALSE,FALSE,A,saliva;blood,0.6912,0.6995,0.7487,TRUE,A+,0.3679,FALSE,3,A++,TRUE
cg22340370,7,2019882,AC104129.1,-1,1,TRUE,FALSE,TRUE,2,0.568831168831169,0.672727272727273,0.245454545454545,-0.43030303030303,0.580519480519481,-0.357575757575757,MAD1L1;MAD1L1;MAD1L1,3,FALSE,II,FALSE,FALSE,FALSE,FALSE,FALSE,FALSE,B,,-0.2623,-0.2806,-0.2941,FALSE,B,-0.0177,FALSE,1,B,TRUE
cg22496380,5,211416,AHRR,-1,1,TRUE,FALSE,TRUE,2,0.718181818181818,0.551515151515151,0.707792207792208,0.284848484848485,0.745454545454545,0.260606060606061,CCDC127,,FALSE,II,FALSE,FALSE,FALSE,TRUE,FALSE,FALSE,B,,0.5049,0.4859,0.6526,TRUE,B,,FALSE,2,B,FALSE
cg22558291,13,25506131,CENPJ,1,1,TRUE,FALSE,TRUE,2,0.574025974025974,0.527272727272727,0.794805194805195,-0.127272727272727,0.502597402597403,0.333333333333333,LOC646405,2,FALSE,I,FALSE,FALSE,FALSE,FALSE,TRUE,TRUE,A,buccal,0.3899,0.3962,0.3141,FALSE,A+,0.127,FALSE,1,A+,TRUE
cg22571038,17,48585470,MYCBPAP,-1,1,TRUE,FALSE,TRUE,2,0.632467532467533,0.6,0.585714285714286,0.296969696969697,0.558441558441558,0.757575757575757,MYCBPAP,10,FALSE,I,FALSE,FALSE,TRUE,FALSE,FALSE,FALSE,B,,0.6972,0.7022,0.7148,TRUE,B,0.4594,FALSE,2,B,TRUE
cg22590775,19,49891494,AC010643.1,-1,1,TRUE,FALSE,TRUE,2,0.585714285714286,0.672727272727273,0.563636363636364,0.490909090909091,0.558441558441558,0.357575757575757,CCDC155,,FALSE,I,TRUE,TRUE,TRUE,FALSE,TRUE,TRUE,A,saliva;buccal,0.5876,0.5622,0.4514,TRUE,A+,0.6511,TRUE,4,A++,TRUE
cg22605919,17,42733542,DBF4B,-1,1,TRUE,FALSE,TRUE,2,0.631168831168831,0.854545454545454,0.488311688311688,0.854545454545454,0.663636363636364,0.76969696969697,C17orf104,9,FALSE,I,FALSE,FALSE,FALSE,FALSE,FALSE,FALSE,B,,0.5319,0.574,0.447,TRUE,B,0.3509,FALSE,2,B,TRUE
cg22916017,11,64110731,CCDC88B;PPP1R14B,-1;-1,2,TRUE,FALSE,TRUE,2,0.67012987012987,0.854545454545454,0.0441558441558442,0.2,0.84025974025974,0.357575757575757,CCDC88B,3,FALSE,I,FALSE,FALSE,FALSE,FALSE,FALSE,FALSE,B,,-0.0714,-0.0821,0.0006,FALSE,B,0.4277,FALSE,1,B,TRUE
cg23026554,10,42862978,BX322639.1,-1,1,TRUE,FALSE,TRUE,2,0.792207792207792,0.781818181818182,0.787012987012987,0.357575757575757,0.866233766233766,0.806060606060606,LOC441666,3,FALSE,I,FALSE,FALSE,FALSE,FALSE,FALSE,FALSE,B,,0.8243,0.8308,0.6925,TRUE,B,0.6955,TRUE,3,B,TRUE
cg23170091,3,195490094,SDHAP1,1,1,TRUE,FALSE,TRUE,2,0.684415584415584,0.527272727272727,0.623376623376623,0.43030303030303,0.7,0.951515151515151,MUC4;MUC4;MUC4,,FALSE,II,FALSE,FALSE,FALSE,FALSE,FALSE,FALSE,B,,0.7591,0.7077,0.7277,TRUE,B,0.5002,TRUE,3,B,TRUE
cg23358479,7,1110784,C7ORF50,-1,1,FALSE,TRUE,TRUE,2,0.679220779220779,-0.175757575757576,0.542857142857143,0.636363636363636,0.606493506493507,0.36969696969697,C7orf50;C7orf50;C7orf50,0,TRUE,II,FALSE,FALSE,TRUE,FALSE,FALSE,FALSE,A,blood,0.1181,0.0135,0.0436,FALSE,A,0.081,FALSE,1,A,TRUE
cg23456409,2,120436430,TMEM177,-1,1,FALSE,TRUE,TRUE,2,0.375324675324675,0.357575757575757,0.553246753246753,0.551515151515151,0.737662337662338,0.43030303030303,TMEM177;TMEM177;TMEM177,9,FALSE,I,FALSE,FALSE,FALSE,FALSE,FALSE,FALSE,B,,0.3262,0.2868,0.2,FALSE,B,0.3685,FALSE,1,B,TRUE
cg23667466,7,100026434,MEPCE;PILRA;PILRB;STAG3L5P;ZCWPW1,-1;1;1;1;1,5,FALSE,TRUE,TRUE,2,0.538961038961039,0.321212121212121,0.571428571428571,0.648484848484848,0.597402597402597,0.36969696969697,MEPCE;ZCWPW1,,FALSE,I,FALSE,FALSE,FALSE,FALSE,FALSE,FALSE,B,,0.5945,0.5884,0.5619,TRUE,B,0.3173,FALSE,2,B,TRUE
cg23719950,11,63933701,CATSPERZ;PLCB3,1;-1,2,FALSE,TRUE,TRUE,2,0.563636363636364,-0.151515151515151,0.705194805194805,0.636363636363636,0.698701298701299,-0.0909090909090909,MACROD1,9,FALSE,I,FALSE,FALSE,FALSE,FALSE,FALSE,FALSE,B,,0.554,0.497,0.3886,TRUE,B,0.5283,TRUE,3,B,TRUE
cg23853165,10,42864912,BX322639.1;CCNYL2;LINC00839,1;1;1,3,TRUE,FALSE,TRUE,2,0.677922077922078,0.636363636363636,0.741558441558442,0.260606060606061,0.65974025974026,0.0909090909090909,LOC441666,1,FALSE,II,FALSE,FALSE,FALSE,FALSE,FALSE,FALSE,B,,0.5244,0.6173,0.5282,TRUE,B,0.5919,TRUE,3,B,TRUE
cg23887609,12,130822674,PIWIL1,-1,1,FALSE,TRUE,TRUE,2,0.464935064935065,0.733333333333333,0.577922077922078,0.503030303030303,0.698701298701299,0.284848484848485,PIWIL1;PIWIL1,7,FALSE,I,FALSE,TRUE,FALSE,FALSE,TRUE,FALSE,A,buccal,0.5937,0.5431,0.5708,TRUE,A+,0.5535,TRUE,4,A++,TRUE
cg23889013,19,48710006,AC011466.1;CARD8,1;1,2,TRUE,FALSE,TRUE,2,0.803896103896104,0.684848484848485,0.257142857142857,0.527272727272727,0.797402597402597,0.333333333333333,,1,FALSE,II,FALSE,FALSE,FALSE,FALSE,FALSE,FALSE,B,,0.3656,0.36,0.1411,FALSE,B,0.2412,FALSE,1,B,TRUE
cg23914842,1,9327170,H6PD,1,1,TRUE,FALSE,TRUE,2,0.531168831168831,0.515151515151515,0.574025974025974,0.490909090909091,0.653246753246753,0.915151515151515,H6PD,0,TRUE,II,TRUE,FALSE,TRUE,FALSE,FALSE,FALSE,A,saliva,0.7738,0.7569,0.7362,TRUE,A+,,FALSE,3,A+,FALSE
cg24120153,10,122610486,WDR11;WDR11-AS1,-1;-1,2,TRUE,FALSE,TRUE,2,0.664935064935065,0.551515151515151,0.597402597402597,0.466666666666667,0.538961038961039,0.684848484848485,WDR11,9,FALSE,II,FALSE,FALSE,FALSE,FALSE,FALSE,FALSE,B,,0.3818,0.3665,0.2765,FALSE,B,0.3106,FALSE,1,B,TRUE
cg24299306,12,10096152,LINC02470,-1,1,FALSE,TRUE,TRUE,2,0.744155844155844,0.393939393939394,0.679220779220779,0.793939393939394,0.866233766233766,0.6,,4,FALSE,II,TRUE,TRUE,TRUE,TRUE,TRUE,TRUE,A,blood;buccal,0.5341,0.4333,0.3873,TRUE,A+,0.5038,TRUE,4,A++,TRUE
cg24327262,19,46929907,CCDC8;PNMA8C,-1;-1,2,FALSE,TRUE,TRUE,2,0.251948051948052,0.76969696969697,0.762337662337662,0.612121212121212,0.655844155844156,0.890909090909091,,4,FALSE,I,FALSE,FALSE,FALSE,FALSE,FALSE,FALSE,B,,0.543,0.5561,0.4373,TRUE,B,0.3019,FALSE,2,B,TRUE
cg24467349,1,110254835,GSTM2;GSTM5,-1;-1,2,TRUE,TRUE,FALSE,2,0.719480519480519,0.636363636363636,0.894805194805195,0.83030303030303,0.442857142857143,0.842424242424242,GSTM5,0,TRUE,I,FALSE,FALSE,FALSE,FALSE,FALSE,FALSE,B,,0.8074,0.7366,0.694,TRUE,B,0.5542,TRUE,3,B,TRUE
cg24531977,5,56204891,SETD9,-1,1,TRUE,FALSE,TRUE,2,0.628571428571429,0.733333333333333,0.309090909090909,0.6,0.554545454545455,0.406060606060606,C5orf35,7,FALSE,II,TRUE,TRUE,FALSE,FALSE,TRUE,TRUE,A,saliva;buccal,0.5184,0.5678,0.5742,TRUE,A+,0.3988,FALSE,3,A++,TRUE
cg24554151,11,93885823,GPR83;PANX1,1;1,2,TRUE,TRUE,FALSE,2,0.515584415584416,0.648484848484848,0.845454545454545,0.696969696969697,-0.0311688311688312,0.527272727272727,PANX1,2,FALSE,II,FALSE,FALSE,FALSE,FALSE,FALSE,FALSE,B,,0.4963,0.4782,0.0632,FALSE,B,0.0983,FALSE,1,B,TRUE
cg24846680,1,228362309,MRPL55;OBSCN,1;1,2,TRUE,FALSE,TRUE,2,0.741558441558442,0.721212121212121,0.655844155844156,0.187878787878788,0.811688311688312,-0.0787878787878788,C1orf69,5,FALSE,I,FALSE,FALSE,FALSE,FALSE,FALSE,FALSE,B,,0.4026,0.3159,0.3336,FALSE,B,0.5035,TRUE,2,B,TRUE
cg24977027,2,88469347,THNSL2,-1,1,TRUE,FALSE,TRUE,2,0.598701298701299,0.648484848484848,0.492207792207792,0.757575757575757,0.823376623376623,0.745454545454545,THNSL2,6,FALSE,II,FALSE,FALSE,TRUE,FALSE,FALSE,TRUE,A,buccal,0.2278,0.2821,0.1855,FALSE,A,0.3712,FALSE,1,A,TRUE
cg25067162,17,41277974,NBR2,-1,1,TRUE,TRUE,FALSE,2,0.564935064935065,0.721212121212121,0.766233766233766,0.551515151515151,0.493506493506494,0.660606060606061,BRCA1;NBR2;BRCA1;BRCA1;BRCA1;BRCA1,13,FALSE,II,FALSE,FALSE,FALSE,FALSE,FALSE,FALSE,B,,0.5858,0.5519,0.4679,TRUE,B,0.4301,FALSE,2,B,TRUE
cg25210835,1,110254828,GSTM1;GSTM2;GSTM5,-1;-1;-1,3,TRUE,TRUE,FALSE,2,0.785714285714286,0.781818181818182,0.857142857142857,0.818181818181818,0.425974025974026,0.793939393939394,GSTM5,,FALSE,I,FALSE,FALSE,FALSE,FALSE,FALSE,FALSE,B,,0.7896,0.7369,0.6754,TRUE,B,0.59,TRUE,3,B,TRUE
cg25304405,17,32485152,TLK2P1,-1,1,TRUE,FALSE,TRUE,2,0.644155844155844,0.636363636363636,0.580519480519481,0.36969696969697,0.602597402597403,0.187878787878788,ACCN1,0,TRUE,II,FALSE,FALSE,FALSE,FALSE,FALSE,FALSE,B,,0.4323,0.5742,0.1971,FALSE,B,0.4708,FALSE,1,B,TRUE
cg25399239,6,139013092,AL590617.2,-1,1,TRUE,TRUE,FALSE,2,0.679220779220779,0.854545454545454,0.723376623376623,0.915151515151515,0.388311688311688,0.890909090909091,,6,FALSE,II,FALSE,FALSE,FALSE,FALSE,FALSE,FALSE,B,,0.839,0.8175,0.6785,TRUE,B,0.4148,FALSE,2,B,TRUE
cg25418670,11,30344373,AL358944.1;FSHB,-1;-1,2,TRUE,FALSE,TRUE,2,0.687012987012987,0.503030303030303,0.52987012987013,0.406060606060606,0.574025974025974,0.733333333333333,C11orf46,6,FALSE,II,FALSE,FALSE,FALSE,FALSE,FALSE,FALSE,B,,0.5929,0.4948,0.3861,TRUE,B,0.3129,FALSE,2,B,TRUE
cg25427524,10,38739819,ZNF25,-1,1,TRUE,FALSE,TRUE,2,0.725974025974026,0.587878787878788,0.718181818181818,0.321212121212121,0.676623376623377,0.309090909090909,LOC399744,,FALSE,I,FALSE,FALSE,FALSE,FALSE,TRUE,TRUE,A,buccal,0.7074,0.6942,0.6783,TRUE,A+,,FALSE,2,A+,FALSE
cg25547332,5,131281432,RAPGEF6,-1,1,FALSE,TRUE,TRUE,2,0.496103896103896,0.890909090909091,0.707792207792208,0.575757575757576,0.751948051948052,0.587878787878788,,9,FALSE,II,FALSE,FALSE,FALSE,FALSE,FALSE,FALSE,B,,0.3831,0.2646,0.3473,FALSE,B,0.4248,FALSE,1,B,TRUE
cg25654926,19,36249990,COX6B1;ZBTB32,-1;1,2,TRUE,FALSE,TRUE,2,0.615584415584416,0.83030303030303,0.487012987012987,0.696969696969697,0.698701298701299,0.745454545454545,C19orf55,3,FALSE,II,FALSE,FALSE,FALSE,FALSE,FALSE,FALSE,B,,0.2408,0.1293,0.0205,FALSE,B,0.293,FALSE,1,B,TRUE
cg25681177,19,36024313,TMEM147-AS1,-1,1,TRUE,FALSE,TRUE,2,0.567532467532468,0.636363636363636,0.596103896103896,0.454545454545455,0.555844155844156,0.503030303030303,GAPDHS;GAPDHS,9,FALSE,II,FALSE,FALSE,TRUE,FALSE,FALSE,FALSE,B,,0.5212,0.6518,0.4749,TRUE,B,0.5222,TRUE,3,B,TRUE
cg26039829,8,22132926,PIWIL2,-1,1,TRUE,FALSE,TRUE,2,0.849350649350649,0.503030303030303,0.797402597402597,0.296969696969697,0.951948051948052,0.6,PIWIL2;PIWIL2,12,FALSE,I,FALSE,FALSE,TRUE,FALSE,FALSE,FALSE,B,,0.5113,0.5356,0.4807,TRUE,B,0.7468,TRUE,3,B,TRUE
cg26296069,1,53336249,ZYG11B,1,1,FALSE,TRUE,TRUE,2,0.384415584415584,0.890909090909091,0.524675324675325,0.781818181818182,0.698701298701299,0.672727272727273,ZYG11A,,FALSE,I,FALSE,FALSE,TRUE,FALSE,FALSE,FALSE,A,blood,0.8027,0.7746,0.7849,TRUE,A+,0.5782,TRUE,3,A++,TRUE
cg26466157,19,46930245,CCDC8;PNMA8C,-1;-1,2,FALSE,TRUE,TRUE,2,0.32987012987013,0.563636363636364,0.623376623376623,0.866666666666667,0.535064935064935,0.660606060606061,,3,FALSE,II,FALSE,FALSE,TRUE,FALSE,FALSE,FALSE,A,blood,0.5078,0.5172,0.3267,TRUE,A+,0.051,FALSE,2,A+,TRUE
cg26466773,16,84211947,ADAD2;TAF1C,1;1,2,TRUE,FALSE,TRUE,2,0.563636363636364,0.915151515151515,0.24025974025974,0.672727272727273,0.654545454545455,0.793939393939394,TAF1C;TAF1C,0,TRUE,II,FALSE,TRUE,FALSE,FALSE,FALSE,TRUE,A,saliva;buccal,0.1984,0.2734,0.1181,FALSE,A,0.5711,TRUE,3,A,TRUE
cg26479374,4,1243980,MAEA;SPON2,1;-1,2,TRUE,FALSE,TRUE,2,0.707792207792208,0.624242424242424,0.635064935064935,0.284848484848485,0.753246753246753,0.418181818181818,CTBP1;CTBP1;C4orf42,8,FALSE,I,FALSE,FALSE,FALSE,FALSE,FALSE,FALSE,B,,0.7421,0.7531,0.4509,TRUE,B,0.7929,TRUE,3,B,TRUE
cg26525008,17,28256777,EFCAB5,1,1,FALSE,TRUE,TRUE,2,0.772727272727273,0.0909090909090909,0.515584415584416,0.757575757575757,0.723376623376623,0.333333333333333,EFCAB5;SSH2,17,FALSE,II,TRUE,TRUE,TRUE,TRUE,TRUE,FALSE,A,blood;buccal,0.4524,0.4192,0.441,FALSE,A+,0.1282,FALSE,2,A+,TRUE
cg26536354,8,144654954,NAPRT,-1,1,TRUE,TRUE,FALSE,2,0.624675324675325,0.878787878787879,0.712987012987013,0.793939393939394,0.281818181818182,0.757575757575757,C8orf73,6,FALSE,II,FALSE,FALSE,FALSE,FALSE,FALSE,FALSE,B,,0.4521,0.4626,0.3822,FALSE,B,0.4689,FALSE,1,B,TRUE
cg26573321,1,9711663,PIK3CD,1,1,TRUE,FALSE,TRUE,2,0.55974025974026,0.636363636363636,0.390909090909091,-0.0181818181818182,0.638961038961039,0.236363636363636,PIK3CD,6,FALSE,II,FALSE,FALSE,FALSE,FALSE,FALSE,FALSE,B,,0.5641,0.5538,0.6299,TRUE,B,0.3154,FALSE,2,B,TRUE
cg26740318,11,18477153,LDHAL6A,-1,1,TRUE,FALSE,TRUE,2,0.572727272727273,0.745454545454545,0.494805194805195,0.43030303030303,0.615584415584416,0.83030303030303,LDHAL6A;LDHAL6A,4,FALSE,II,TRUE,FALSE,TRUE,FALSE,FALSE,FALSE,A,saliva,0.5428,0.4887,0.4582,TRUE,A+,0.369,FALSE,3,A++,TRUE
cg26752657,1,75199075,AC135803.1;CRYZ;TYW3,-1;-1;-1,3,TRUE,FALSE,TRUE,2,0.602597402597403,0.806060606060606,0.731168831168831,0.466666666666667,0.679220779220779,0.636363636363636,CRYZ;CRYZ;CRYZ;TYW3;TYW3;CRYZ;CRYZ;CRYZ;TYW3;CRYZ;CRYZ,13,FALSE,II,FALSE,FALSE,FALSE,FALSE,FALSE,FALSE,B,,0.4657,0.5105,0.2754,FALSE,B,0.209,FALSE,1,B,TRUE
cg26772116,13,28016624,GTF3A,1,1,TRUE,FALSE,TRUE,2,0.57012987012987,0.927272727272727,0.467532467532468,0.818181818181818,0.755844155844156,0.963636363636364,MTIF3;MTIF3;MTIF3;MTIF3,0,TRUE,II,FALSE,FALSE,TRUE,FALSE,FALSE,FALSE,B,,0.6877,0.6974,0.5242,TRUE,B,0.4617,FALSE,2,B,TRUE
cg26777074,19,8386676,RPS28,1,1,FALSE,TRUE,TRUE,2,0.412987012987013,0.527272727272727,0.511688311688312,0.612121212121212,0.601298701298701,0.115151515151515,NDUFA7;RPS28,5,FALSE,I,FALSE,FALSE,FALSE,FALSE,FALSE,FALSE,B,,0.4618,0.4143,0.3018,FALSE,B,0.4749,FALSE,1,B,TRUE
cg26834418,11,89957033,AP000648.4;AP002364.1;DISC1FP1,1;-1;-1,3,TRUE,TRUE,FALSE,2,0.580519480519481,0.696969696969697,0.606493506493507,0.878787878787879,0.45974025974026,0.83030303030303,CHORDC1;CHORDC1,9,FALSE,II,FALSE,FALSE,FALSE,FALSE,FALSE,FALSE,B,,0.7427,0.736,0.7046,TRUE,B,0.4674,FALSE,2,B,TRUE
cg26898605,15,93277307,H2AZ2P1,-1,1,FALSE,TRUE,TRUE,2,0.361038961038961,0.6,0.757142857142857,0.757575757575757,0.577922077922078,0.418181818181818,,,FALSE,II,FALSE,FALSE,FALSE,FALSE,FALSE,FALSE,B,,0.4627,0.4824,0.4118,FALSE,B,,FALSE,1,B,FALSE
cg26929925,5,138714136,DNAJC18;PROB1,-1;1,2,TRUE,FALSE,TRUE,2,0.574025974025974,0.551515151515151,0.468831168831169,0.6,0.82987012987013,0.915151515151515,SLC23A1;SLC23A1,6,FALSE,I,FALSE,FALSE,FALSE,FALSE,FALSE,FALSE,B,,0.7408,0.7038,0.6097,TRUE,B,0.6064,TRUE,3,B,TRUE
cg26944245,16,421049,MRPL28;PGAP6,-1;-1,2,TRUE,FALSE,TRUE,2,0.585714285714286,0.781818181818182,0.774025974025974,0.490909090909091,0.687012987012987,0.733333333333333,TMEM8A;MRPL28,4,FALSE,I,TRUE,TRUE,TRUE,FALSE,TRUE,TRUE,A,saliva;buccal,0.8143,0.7957,0.7462,TRUE,A+,0.6661,TRUE,4,A++,TRUE
cg27027427,10,91091912,IFIT5,-1,1,TRUE,FALSE,TRUE,2,0.554545454545455,0.624242424242424,0.627272727272727,0.36969696969697,0.614285714285714,0.6,IFIT3;IFIT3,4,FALSE,II,FALSE,FALSE,FALSE,FALSE,FALSE,FALSE,B,,0.5999,0.6353,0.2346,TRUE,B,0.3847,FALSE,2,B,TRUE
cg27094323,7,1216898,ZFAND2A-DT,1,1,TRUE,FALSE,TRUE,2,0.536363636363636,0.672727272727273,0.568831168831169,0.175757575757576,0.622077922077922,0.490909090909091,,,FALSE,I,FALSE,FALSE,FALSE,FALSE,FALSE,FALSE,B,,0.3762,0.3613,0.3216,FALSE,B,0.4192,FALSE,1,B,TRUE
cg27170947,2,26402098,HADHB,1,1,TRUE,FALSE,TRUE,2,0.580519480519481,0.660606060606061,0.268831168831169,-0.321212121212121,0.628571428571429,-0.260606060606061,FAM59B,9,FALSE,II,FALSE,FALSE,FALSE,FALSE,FALSE,FALSE,B,,0.5813,0.5991,0.2885,TRUE,B,0.6956,TRUE,3,B,TRUE
cg27211696,2,191398769,AC108047.1,1,1,TRUE,TRUE,FALSE,2,0.523376623376623,0.660606060606061,0.555844155844156,0.648484848484848,0.0337662337662338,0.818181818181818,TMEM194B,6,FALSE,II,FALSE,FALSE,FALSE,FALSE,FALSE,FALSE,B,,0.5475,0.5447,0.4795,TRUE,B,0.3672,FALSE,2,B,TRUE
cg27261050,12,130821607,PIWIL1,-1,1,TRUE,TRUE,FALSE,2,0.520779220779221,0.587878787878788,0.71038961038961,0.624242424242424,0.449350649350649,0.757575757575757,PIWIL1,4,FALSE,II,FALSE,FALSE,FALSE,FALSE,FALSE,FALSE,B,,0.3807,0.3606,0.2303,FALSE,B,0.2782,FALSE,1,B,TRUE
cg27353899,3,195488922,SDHAP1,1,1,FALSE,TRUE,TRUE,2,0.374025974025974,0.43030303030303,0.615584415584416,0.745454545454545,0.74025974025974,0.696969696969697,MUC4;MUC4;MUC4,2,FALSE,I,FALSE,FALSE,FALSE,FALSE,FALSE,FALSE,B,,0.5236,0.4508,0.5096,TRUE,B,0.4965,FALSE,2,B,TRUE
cg27546012,17,74684504,MXRA7,-1,1,TRUE,FALSE,TRUE,2,0.524675324675325,0.745454545454545,0.355844155844156,0.915151515151515,0.516883116883117,0.648484848484848,MXRA7;MXRA7;MXRA7,1,FALSE,II,FALSE,FALSE,FALSE,FALSE,FALSE,FALSE,B,,0.3815,0.4334,0.2425,FALSE,B,0.5206,TRUE,2,B,TRUE
cg27595784,5,467152,SLC9A3-AS1,-1,1,FALSE,TRUE,TRUE,2,0.0792207792207792,0.733333333333333,0.518181818181818,0.648484848484848,0.711688311688312,0.660606060606061,EXOC3,2,FALSE,II,FALSE,FALSE,FALSE,FALSE,FALSE,FALSE,B,,0.2461,0.2072,0.2312,FALSE,B,0.0194,FALSE,1,B,TRUE
